segment_id,sample_index,curve,time_step,is_missing,x,y,z
1,0,Full,0,1,-1.3359947204589844,1.7033861875534058,1.2991423606872559
1,0,Full,1,1,-1.3360251188278198,1.703385591506958,1.2990880012512207
1,0,Full,2,1,-1.3360929489135742,1.7033805847167969,1.2989858388900757
1,0,Full,3,1,-1.3361949920654297,1.7033635377883911,1.2988454103469849
1,0,Full,4,1,-1.336325764656067,1.7033308744430542,1.2986716032028198
1,0,Full,5,1,-1.336480975151062,1.7032828330993652,1.2984676361083984
1,0,Full,6,1,-1.3366543054580688,1.7032194137573242,1.2982391119003296
1,0,Full,7,1,-1.3368430137634277,1.7031422853469849,1.2979916334152222
1,0,Full,8,1,-1.3370463848114014,1.7030526399612427,1.2977335453033447
1,0,Full,9,1,-1.3372646570205688,1.7029509544372559,1.2974748611450195
1,0,Full,10,1,-1.3374980688095093,1.702837586402893,1.2972255945205688
1,0,Full,11,1,-1.337744951248169,1.7027140855789185,1.2969934940338135
1,0,Full,12,1,-1.3380004167556763,1.702584147453308,1.2967835664749146
1,0,Full,13,1,-1.3382573127746582,1.7024519443511963,1.2965956926345825
1,0,Full,14,1,-1.3385095596313477,1.702322006225586,1.2964280843734741
1,0,Full,15,1,-1.338753342628479,1.7021976709365845,1.296279788017273
1,0,Full,16,1,-1.3389874696731567,1.702081561088562,1.2961478233337402
1,0,Full,17,1,-1.339213252067566,1.7019752264022827,1.2960312366485596
1,0,Full,18,1,-1.3394323587417603,1.7018768787384033,1.2959322929382324
1,0,Full,19,1,-1.3396447896957397,1.7017838954925537,1.2958530187606812
1,0,Full,20,1,-1.3398480415344238,1.7016948461532593,1.2957950830459595
1,0,Full,21,1,-1.3400382995605469,1.701608657836914,1.2957593202590942
1,0,Full,22,1,-1.3402116298675537,1.7015267610549927,1.2957466840744019
1,0,Full,23,1,-1.3403657674789429,1.7014541625976562,1.295757532119751
1,0,Full,24,1,-1.3405014276504517,1.701393485069275,1.2957912683486938
1,0,Full,25,1,-1.340621829032898,1.7013453245162964,1.2958446741104126
1,0,Full,26,0,-1.340729832649231,1.7013096809387207,1.2959133386611938
1,0,Full,27,1,-1.340827226638794,1.7012847661972046,1.295996904373169
1,0,Full,28,1,-1.3409143686294556,1.7012676000595093,1.296096682548523
1,0,Full,29,1,-1.3409903049468994,1.701255440711975,1.2962126731872559
1,0,GRU,0,1,-1.3359947204589844,1.7033861875534058,1.2991423606872559
1,0,GRU,1,1,-1.3360286951065063,1.703396201133728,1.2991172075271606
1,0,GRU,2,1,-1.3360992670059204,1.7033945322036743,1.2990461587905884
1,0,GRU,3,1,-1.3361999988555908,1.703368902206421,1.2989356517791748
1,0,GRU,4,1,-1.336322546005249,1.7033158540725708,1.298791527748108
1,0,GRU,5,1,-1.3364611864089966,1.703234076499939,1.2985936403274536
1,0,GRU,6,1,-1.3366143703460693,1.703141212463379,1.2983474731445312
1,0,GRU,7,1,-1.3367829322814941,1.7030677795410156,1.2980704307556152
1,0,GRU,8,1,-1.336965560913086,1.7030072212219238,1.2977832555770874
1,0,GRU,9,1,-1.3371624946594238,1.7029451131820679,1.2974954843521118
1,0,GRU,10,1,-1.3373737335205078,1.7028847932815552,1.2972071170806885
1,0,GRU,11,1,-1.337598204612732,1.7028299570083618,1.2969225645065308
1,0,GRU,12,1,-1.337834358215332,1.7027826309204102,1.296645164489746
1,0,GRU,13,1,-1.3380738496780396,1.702742099761963,1.2963776588439941
1,0,GRU,14,1,-1.3383082151412964,1.702707052230835,1.2961201667785645
1,0,GRU,15,1,-1.3385357856750488,1.702673316001892,1.2958720922470093
1,0,GRU,16,1,-1.3387564420700073,1.7026433944702148,1.2956340312957764
1,0,GRU,17,1,-1.3389722108840942,1.7026265859603882,1.2954037189483643
1,0,GRU,18,1,-1.3391845226287842,1.7026240825653076,1.2951788902282715
1,0,GRU,19,1,-1.3393936157226562,1.702635407447815,1.2949588298797607
1,0,GRU,20,1,-1.3396008014678955,1.7026582956314087,1.2947450876235962
1,0,GRU,21,1,-1.3398008346557617,1.702689290046692,1.294541835784912
1,0,GRU,22,1,-1.3399872779846191,1.7027322053909302,1.294349193572998
1,0,GRU,23,1,-1.3401590585708618,1.7027926445007324,1.2941640615463257
1,0,GRU,24,1,-1.340315341949463,1.7028728723526,1.2939856052398682
1,0,GRU,25,1,-1.3404574394226074,1.7029738426208496,1.2938140630722046
1,0,GRU,26,0,-1.3405873775482178,1.7030935287475586,1.2936490774154663
1,0,GRU,27,1,-1.3407062292099,1.7032283544540405,1.2934904098510742
1,0,GRU,28,1,-1.340814471244812,1.7033768892288208,1.2933372259140015
1,0,GRU,29,1,-1.3409109115600586,1.7035380601882935,1.2931898832321167
1,0,Transformer,0,1,-1.3359947204589844,1.7033861875534058,1.2991423606872559
1,0,Transformer,1,1,-1.3360049724578857,1.7033909559249878,1.2991347312927246
1,0,Transformer,2,1,-1.3360259532928467,1.7033988237380981,1.2991245985031128
1,0,Transformer,3,1,-1.3360570669174194,1.7034116983413696,1.2991156578063965
1,0,Transformer,4,1,-1.3360975980758667,1.7034295797348022,1.2991055250167847
1,0,Transformer,5,1,-1.3361480236053467,1.703446626663208,1.299089789390564
1,0,Transformer,6,1,-1.3362057209014893,1.7034683227539062,1.2990690469741821
1,0,Transformer,7,1,-1.3362690210342407,1.703493595123291,1.2990431785583496
1,0,Transformer,8,1,-1.3363369703292847,1.70352041721344,1.2990124225616455
1,0,Transformer,9,1,-1.3364092111587524,1.7035489082336426,1.2989776134490967
1,0,Transformer,10,1,-1.336484670639038,1.7035787105560303,1.2989379167556763
1,0,Transformer,11,1,-1.3365609645843506,1.7036139965057373,1.2988942861557007
1,0,Transformer,12,1,-1.3366386890411377,1.7036504745483398,1.298844575881958
1,0,Transformer,13,1,-1.3367185592651367,1.7036864757537842,1.2987881898880005
1,0,Transformer,14,1,-1.3367984294891357,1.7037222385406494,1.2987245321273804
1,0,Transformer,15,1,-1.3368797302246094,1.7037562131881714,1.298654317855835
1,0,Transformer,16,1,-1.336963176727295,1.7037895917892456,1.2985798120498657
1,0,Transformer,17,1,-1.3370462656021118,1.7038251161575317,1.2985032796859741
1,0,Transformer,18,1,-1.3371284008026123,1.7038649320602417,1.2984228134155273
1,0,Transformer,19,1,-1.3372111320495605,1.7039101123809814,1.2983365058898926
1,0,Transformer,20,1,-1.3372920751571655,1.7039635181427002,1.2982474565505981
1,0,Transformer,21,1,-1.3373709917068481,1.7040317058563232,1.298159122467041
1,0,Transformer,22,1,-1.3374475240707397,1.7041146755218506,1.2980711460113525
1,0,Transformer,23,1,-1.3375217914581299,1.704206943511963,1.2979828119277954
1,0,Transformer,24,1,-1.3375952243804932,1.7043044567108154,1.29789400100708
1,0,Transformer,25,1,-1.337661862373352,1.7044007778167725,1.2978026866912842
1,0,Transformer,26,0,-1.337719202041626,1.7045007944107056,1.2977079153060913
1,0,Transformer,27,1,-1.3377676010131836,1.704612374305725,1.2976086139678955
1,0,Transformer,28,1,-1.3378089666366577,1.7047274112701416,1.2975051403045654
1,0,Transformer,29,1,-1.3378431797027588,1.7048406600952148,1.2973980903625488
1,0,LOCF,0,1,-1.3359947204589844,1.7033861875534058,1.2991423606872559
1,0,LOCF,1,1,-1.3360251188278198,1.703385591506958,1.2990983724594116
1,0,LOCF,2,1,-1.3360929489135742,1.7033835649490356,1.2990105152130127
1,0,LOCF,3,1,-1.3361949920654297,1.7033727169036865,1.2988842725753784
1,0,LOCF,4,1,-1.336325764656067,1.703345537185669,1.29872465133667
1,0,LOCF,5,1,-1.3364852666854858,1.7033019065856934,1.298531174659729
1,0,LOCF,6,1,-1.3366669416427612,1.7032426595687866,1.2983094453811646
1,0,LOCF,7,1,-1.3368639945983887,1.7031686305999756,1.2980650663375854
1,0,LOCF,8,1,-1.33707594871521,1.7030810117721558,1.2978063821792603
1,0,LOCF,9,1,-1.337302803993225,1.702980875968933,1.2975417375564575
1,0,LOCF,10,1,-1.337544560432434,1.7028685808181763,1.2972811460494995
1,0,LOCF,11,1,-1.3377997875213623,1.7027462720870972,1.2970377206802368
1,0,LOCF,12,1,-1.338066816329956,1.7026156187057495,1.2968146800994873
1,0,LOCF,13,1,-1.3383386135101318,1.7024807929992676,1.296612024307251
1,0,LOCF,14,1,-1.3386080265045166,1.702348232269287,1.2964297533035278
1,0,LOCF,15,1,-1.3388713598251343,1.7022212743759155,1.296266794204712
1,0,LOCF,16,1,-1.3391247987747192,1.702102541923523,1.2961219549179077
1,0,LOCF,17,1,-1.3393683433532715,1.7019935846328735,1.2959942817687988
1,0,LOCF,18,1,-1.3396040201187134,1.701892614364624,1.2958829402923584
1,0,LOCF,19,1,-1.33983314037323,1.7017970085144043,1.295790195465088
1,0,LOCF,20,1,-1.3400548696517944,1.7017053365707397,1.295718789100647
1,0,LOCF,21,1,-1.3402653932571411,1.7016165256500244,1.2956690788269043
1,0,LOCF,22,1,-1.3404608964920044,1.701532006263733,1.2956421375274658
1,0,LOCF,23,1,-1.3406391143798828,1.7014567852020264,1.2956386804580688
1,0,LOCF,24,1,-1.3407988548278809,1.7013932466506958,1.2956584692001343
1,0,LOCF,25,1,-1.3409415483474731,1.7013415098190308,1.2956984043121338
1,0,LOCF,26,0,-1.3410701751708984,1.7013016939163208,1.2957535982131958
1,0,LOCF,27,1,-1.3411881923675537,1.7012726068496704,1.2958225011825562
1,0,LOCF,28,1,-1.3412959575653076,1.701252818107605,1.2959063053131104
1,0,LOCF,29,1,-1.3413925170898438,1.7012423276901245,1.296006202697754
1,0,MICE,0,1,-1.3359947204589844,1.7033861875534058,1.2991423606872559
1,0,MICE,1,1,-1.3360251188278198,1.703385591506958,1.2991489171981812
1,0,MICE,2,1,-1.3360929489135742,1.703374981880188,1.2991362810134888
1,0,MICE,3,1,-1.3361949920654297,1.703346848487854,1.299085259437561
1,0,MICE,4,1,-1.3363184928894043,1.7033066749572754,1.2990009784698486
1,0,MICE,5,1,-1.3364613056182861,1.7032614946365356,1.298896074295044
1,0,MICE,6,1,-1.336624264717102,1.7032074928283691,1.2987762689590454
1,0,MICE,7,1,-1.33680260181427,1.7031445503234863,1.2986465692520142
1,0,MICE,8,1,-1.33699369430542,1.7030737400054932,1.2985153198242188
1,0,MICE,9,1,-1.3371937274932861,1.7029950618743896,1.2983850240707397
1,0,MICE,10,1,-1.3374048471450806,1.7029087543487549,1.2982656955718994
1,0,MICE,11,1,-1.3376294374465942,1.7028124332427979,1.2981635332107544
1,0,MICE,12,1,-1.3378634452819824,1.702707052230835,1.2980798482894897
1,0,MICE,13,1,-1.338099718093872,1.702596664428711,1.2980132102966309
1,0,MICE,14,1,-1.338333010673523,1.7024884223937988,1.2979655265808105
1,0,MICE,15,1,-1.338559627532959,1.7023859024047852,1.2979371547698975
1,0,MICE,16,1,-1.3387749195098877,1.7022916078567505,1.297925591468811
1,0,MICE,17,1,-1.3389828205108643,1.702207088470459,1.2979300022125244
1,0,MICE,18,1,-1.3391869068145752,1.7021305561065674,1.2979543209075928
1,0,MICE,19,1,-1.3393843173980713,1.702059268951416,1.2980008125305176
1,0,MICE,20,1,-1.3395785093307495,1.7019920349121094,1.2980685234069824
1,0,MICE,21,1,-1.3397656679153442,1.701927661895752,1.2981524467468262
1,0,MICE,22,1,-1.3399425745010376,1.7018675804138184,1.2982536554336548
1,0,MICE,23,1,-1.340106725692749,1.7018166780471802,1.298378348350525
1,0,MICE,24,1,-1.3402525186538696,1.7017784118652344,1.2985200881958008
1,0,MICE,25,1,-1.3403862714767456,1.7017520666122437,1.298675775527954
1,0,MICE,26,0,-1.3405109643936157,1.7017369270324707,1.2988468408584595
1,0,MICE,27,1,-1.3406250476837158,1.7017325162887573,1.2990305423736572
1,0,MICE,28,1,-1.3407288789749146,1.7017401456832886,1.2992281913757324
1,0,MICE,29,1,-1.3408215045928955,1.7017579078674316,1.2994437217712402
2,3043,Full,0,1,-1.7754185199737549,2.385310173034668,0.9750905632972717
2,3043,Full,1,1,-1.7752901315689087,2.3854222297668457,0.9752959609031677
2,3043,Full,2,1,-1.7750111818313599,2.385681390762329,0.9756932854652405
2,3043,Full,3,0,-1.7745734453201294,2.3861024379730225,0.9762828946113586
2,3043,Full,4,1,-1.7739843130111694,2.3866865634918213,0.9770798683166504
2,3043,Full,5,1,-1.7732629776000977,2.3874242305755615,0.9780949354171753
2,3043,Full,6,0,-1.7724413871765137,2.388291835784912,0.9793183207511902
2,3043,Full,7,1,-1.7715591192245483,2.3892502784729004,0.9807137846946716
2,3043,Full,8,1,-1.7706546783447266,2.390254259109497,0.9822496771812439
2,3043,Full,9,1,-1.769756555557251,2.391263723373413,0.9839106798171997
2,3043,Full,10,1,-1.768878698348999,2.3922512531280518,0.9856716394424438
2,3043,Full,11,1,-1.7680332660675049,2.3932058811187744,0.9875208139419556
2,3043,Full,12,1,-1.767236351966858,2.3941423892974854,0.9894805550575256
2,3043,Full,13,1,-1.7664977312088013,2.3951022624969482,0.9915640950202942
2,3043,Full,14,1,-1.7658098936080933,2.3961398601531982,0.9937705397605896
2,3043,Full,15,1,-1.7651541233062744,2.3973217010498047,0.9961065649986267
2,3043,Full,16,0,-1.7645193338394165,2.398711919784546,0.9985734224319458
2,3043,Full,17,1,-1.7639074325561523,2.4003570079803467,1.0011622905731201
2,3043,Full,18,1,-1.7633352279663086,2.402278423309326,1.003853440284729
2,3043,Full,19,1,-1.762818694114685,2.4044649600982666,1.0066150426864624
2,3043,Full,20,1,-1.7623560428619385,2.4068667888641357,1.0094155073165894
2,3043,Full,21,1,-1.7619422674179077,2.409407138824463,1.0122225284576416
2,3043,Full,22,1,-1.7613978385925293,2.414775848388672,1.0177417993545532
2,3043,Full,23,1,-1.761230230331421,2.4174978733062744,1.0204856395721436
2,3043,Full,24,1,-1.7611594200134277,2.42022705078125,1.0232044458389282
2,3043,Full,25,1,-1.7611709833145142,2.4229445457458496,1.0258253812789917
2,3043,Full,26,1,-1.761311411857605,2.4256505966186523,1.028266191482544
2,3043,Full,27,1,-1.7616841793060303,2.4283287525177,1.0305101871490479
2,3043,Full,28,1,-1.7624098062515259,2.430943727493286,1.0326381921768188
2,3043,Full,29,1,-1.7635726928710938,2.433466911315918,1.034759283065796
2,3043,GRU,0,1,-1.7754185199737549,2.385310173034668,0.9750905632972717
2,3043,GRU,1,1,-1.7752975225448608,2.385300636291504,0.975117564201355
2,3043,GRU,2,1,-1.7750498056411743,2.3853273391723633,0.9752185940742493
2,3043,GRU,3,0,-1.774734377861023,2.3854868412017822,0.9754742383956909
2,3043,GRU,4,1,-1.77439546585083,2.385776996612549,0.9759232997894287
2,3043,GRU,5,1,-1.7740318775177002,2.386162281036377,0.976542055606842
2,3043,GRU,6,0,-1.7736443281173706,2.386657238006592,0.9773183465003967
2,3043,GRU,7,1,-1.773237705230713,2.3872406482696533,0.9782532453536987
2,3043,GRU,8,1,-1.772838830947876,2.3878591060638428,0.9793029427528381
2,3043,GRU,9,1,-1.7724775075912476,2.388481378555298,0.9804198145866394
2,3043,GRU,10,1,-1.7721636295318604,2.389092206954956,0.9815982580184937
2,3043,GRU,11,1,-1.7718942165374756,2.389669895172119,0.9828490018844604
2,3043,GRU,12,1,-1.7716575860977173,2.390230178833008,0.9841794967651367
2,3043,GRU,13,1,-1.771478295326233,2.390820026397705,0.9855831861495972
2,3043,GRU,14,1,-1.771370768547058,2.3914644718170166,0.9870741963386536
2,3043,GRU,15,1,-1.7713093757629395,2.392246723175049,0.9886559844017029
2,3043,GRU,16,0,-1.7712746858596802,2.393251657485962,0.9903187155723572
2,3043,GRU,17,1,-1.771262764930725,2.3945114612579346,0.9920523166656494
2,3043,GRU,18,1,-1.7712761163711548,2.3960161209106445,0.9938306212425232
2,3043,GRU,19,1,-1.771317481994629,2.3977324962615967,0.9956335425376892
2,3043,GRU,20,1,-1.7713897228240967,2.399631977081299,0.9974554777145386
2,3043,GRU,21,1,-1.7715026140213013,2.4016642570495605,0.9992644190788269
2,3043,GRU,22,1,-1.771998643875122,2.406061887741089,1.0027297735214233
2,3043,GRU,23,1,-1.7723561525344849,2.4082577228546143,1.0044461488723755
2,3043,GRU,24,1,-1.7728313207626343,2.4103951454162598,1.0061681270599365
2,3043,GRU,25,1,-1.7734012603759766,2.412492275238037,1.0078545808792114
2,3043,GRU,26,1,-1.7741197347640991,2.4145495891571045,1.0093986988067627
2,3043,GRU,27,1,-1.7750935554504395,2.416513442993164,1.0107628107070923
2,3043,GRU,28,1,-1.7764321565628052,2.4183268547058105,1.012015461921692
2,3043,GRU,29,1,-1.778199553489685,2.41999888420105,1.0132312774658203
2,3043,Transformer,0,1,-1.7754185199737549,2.385310173034668,0.9750905632972717
2,3043,Transformer,1,1,-1.7753286361694336,2.3853230476379395,0.975284218788147
2,3043,Transformer,2,1,-1.7751421928405762,2.3853743076324463,0.9756500720977783
2,3043,Transformer,3,0,-1.7748243808746338,2.385481119155884,0.9761741757392883
2,3043,Transformer,4,1,-1.774420976638794,2.3856277465820312,0.9768715500831604
2,3043,Transformer,5,1,-1.7739851474761963,2.385767936706543,0.9777405858039856
2,3043,Transformer,6,0,-1.7734850645065308,2.3859124183654785,0.978751540184021
2,3043,Transformer,7,1,-1.7729231119155884,2.3860416412353516,0.9798951148986816
2,3043,Transformer,8,1,-1.7723422050476074,2.386115789413452,0.9811661243438721
2,3043,Transformer,9,1,-1.7717429399490356,2.386129379272461,0.9825537800788879
2,3043,Transformer,10,1,-1.771131157875061,2.3860955238342285,0.9840473532676697
2,3043,Transformer,11,1,-1.770526647567749,2.3860554695129395,0.9856409430503845
2,3043,Transformer,12,1,-1.7699236869812012,2.3860223293304443,0.9873318076133728
2,3043,Transformer,13,1,-1.7692936658859253,2.3860068321228027,0.9891093373298645
2,3043,Transformer,14,1,-1.7686125040054321,2.3860349655151367,0.9909661412239075
2,3043,Transformer,15,1,-1.7678650617599487,2.3861262798309326,0.9928969740867615
2,3043,Transformer,16,0,-1.7670435905456543,2.3862996101379395,0.9949008822441101
2,3043,Transformer,17,1,-1.7661561965942383,2.3865737915039062,0.9969716668128967
2,3043,Transformer,18,1,-1.7652103900909424,2.3869688510894775,0.9991052746772766
2,3043,Transformer,19,1,-1.76421058177948,2.387505531311035,1.0012784004211426
2,3043,Transformer,20,1,-1.7631664276123047,2.388174533843994,1.003461241722107
2,3043,Transformer,21,1,-1.7621015310287476,2.3889870643615723,1.005656361579895
2,3043,Transformer,22,1,-1.7600445747375488,2.391218423843384,1.009990930557251
2,3043,Transformer,23,1,-1.7590868473052979,2.3924458026885986,1.012093186378479
2,3043,Transformer,24,1,-1.7582348585128784,2.3937652111053467,1.0141063928604126
2,3043,Transformer,25,1,-1.7575359344482422,2.3951499462127686,1.0160443782806396
2,3043,Transformer,26,1,-1.7570441961288452,2.3965587615966797,1.0179353952407837
2,3043,Transformer,27,1,-1.7567514181137085,2.397977352142334,1.019745111465454
2,3043,Transformer,28,1,-1.756636381149292,2.399404525756836,1.0214446783065796
2,3043,Transformer,29,1,-1.7567734718322754,2.4008095264434814,1.0230590105056763
2,3043,LOCF,0,1,-1.7754185199737549,2.385310173034668,0.9750905632972717
2,3043,LOCF,1,1,-1.7752901315689087,2.385469436645508,0.9752763509750366
2,3043,LOCF,2,1,-1.7750204801559448,2.3857879638671875,0.9756479263305664
2,3043,LOCF,3,0,-1.7746015787124634,2.3862686157226562,0.9762117862701416
2,3043,LOCF,4,1,-1.7740312814712524,2.386913776397705,0.9769744873046875
2,3043,LOCF,5,1,-1.7733287811279297,2.387723684310913,0.9779360294342041
2,3043,LOCF,6,0,-1.7725260257720947,2.3886733055114746,0.9790952205657959
2,3043,LOCF,7,1,-1.7716625928878784,2.389737606048584,0.9804509282112122
2,3043,LOCF,8,1,-1.7707768678665161,2.390871047973633,0.9819715023040771
2,3043,LOCF,9,1,-1.7698975801467896,2.39202880859375,0.9836253523826599
2,3043,LOCF,10,1,-1.7690385580062866,2.393183469772339,0.9853873252868652
2,3043,LOCF,11,1,-1.7682029008865356,2.3943052291870117,0.9872375726699829
2,3043,LOCF,12,1,-1.7673907279968262,2.395408868789673,0.9891812205314636
2,3043,LOCF,13,1,-1.7666206359863281,2.396535873413086,0.9912183284759521
2,3043,LOCF,14,1,-1.7659013271331787,2.397709846496582,0.9933651089668274
2,3043,LOCF,15,1,-1.7652225494384766,2.3989973068237305,0.9956414103507996
2,3043,LOCF,16,0,-1.7645732164382935,2.4004931449890137,0.9980485439300537
2,3043,LOCF,17,1,-1.7639466524124146,2.4022438526153564,1.000577688217163
2,3043,LOCF,18,1,-1.7633473873138428,2.404270887374878,1.0032092332839966
2,3043,LOCF,19,1,-1.7627912759780884,2.4065630435943604,1.0059300661087036
2,3043,LOCF,20,1,-1.762289047241211,2.4090704917907715,1.0087401866912842
2,3043,LOCF,21,1,-1.7618358135223389,2.4117162227630615,1.011588454246521
2,3043,LOCF,22,1,-1.7612125873565674,2.4173905849456787,1.0172326564788818
2,3043,LOCF,23,1,-1.7609937191009521,2.4202890396118164,1.0200495719909668
2,3043,LOCF,24,1,-1.7608598470687866,2.4232141971588135,1.0228691101074219
2,3043,LOCF,25,1,-1.76080322265625,2.4261467456817627,1.025618314743042
2,3043,LOCF,26,1,-1.7608704566955566,2.429067850112915,1.0281873941421509
2,3043,LOCF,27,1,-1.7611700296401978,2.4319610595703125,1.0305392742156982
2,3043,LOCF,28,1,-1.7618224620819092,2.434791088104248,1.03275465965271
2,3043,LOCF,29,1,-1.7628860473632812,2.437539577484131,1.034914493560791
2,3043,MICE,0,1,-1.7754185199737549,2.385310173034668,0.9750905632972717
2,3043,MICE,1,1,-1.7752901315689087,2.3853964805603027,0.9752504825592041
2,3043,MICE,2,1,-1.7750344276428223,2.3855953216552734,0.9755983948707581
2,3043,MICE,3,0,-1.7746433019638062,2.385956287384033,0.9761385917663574
2,3043,MICE,4,1,-1.7741007804870605,2.386483907699585,0.976874828338623
2,3043,MICE,5,1,-1.7734260559082031,2.3871612548828125,0.9777746200561523
2,3043,MICE,6,0,-1.7726510763168335,2.3879613876342773,0.978839635848999
2,3043,MICE,7,1,-1.7718154191970825,2.3888816833496094,0.9800530672073364
2,3043,MICE,8,1,-1.7709574699401855,2.3898768424987793,0.9813833236694336
2,3043,MICE,9,1,-1.7701059579849243,2.390881061553955,0.9828194975852966
2,3043,MICE,10,1,-1.7692747116088867,2.39186692237854,0.9843364357948303
2,3043,MICE,11,1,-1.7684637308120728,2.392819881439209,0.9859416484832764
2,3043,MICE,12,1,-1.7677336931228638,2.3937549591064453,0.9875918626785278
2,3043,MICE,13,1,-1.7671064138412476,2.3947131633758545,0.9892738461494446
2,3043,MICE,14,1,-1.76652991771698,2.3957464694976807,0.9910523295402527
2,3043,MICE,15,1,-1.7660342454910278,2.396920919418335,0.9929603338241577
2,3043,MICE,16,0,-1.7656081914901733,2.398303985595703,0.9949991703033447
2,3043,MICE,17,1,-1.765204906463623,2.399941921234131,0.997160017490387
2,3043,MICE,18,1,-1.764731764793396,2.4018561840057373,0.9994232058525085
2,3043,MICE,19,1,-1.764204502105713,2.4040353298187256,1.0017443895339966
2,3043,MICE,20,1,-1.7637311220169067,2.4064300060272217,1.0041028261184692
2,3043,MICE,21,1,-1.7633000612258911,2.4089629650115967,1.0064786672592163
2,3043,MICE,22,1,-1.7626943588256836,2.4145469665527344,1.0111159086227417
2,3043,MICE,23,1,-1.7624545097351074,2.417433977127075,1.0134137868881226
2,3043,MICE,24,1,-1.7622699737548828,2.4204018115997314,1.0157054662704468
2,3043,MICE,25,1,-1.762241005897522,2.423431396484375,1.0179181098937988
2,3043,MICE,26,1,-1.7624140977859497,2.4264495372772217,1.01995050907135
2,3043,MICE,27,1,-1.762819528579712,2.4294397830963135,1.0218018293380737
2,3043,MICE,28,1,-1.7635778188705444,2.4323668479919434,1.0235527753829956
2,3043,MICE,29,1,-1.7645751237869263,2.4353363513946533,1.0253435373306274
3,6086,Full,0,1,-1.5184509754180908,2.3821518421173096,0.9061792492866516
3,6086,Full,1,1,-1.5182673931121826,2.382255792617798,0.9064384698867798
3,6086,Full,2,1,-1.517933964729309,2.382581949234009,0.9069375991821289
3,6086,Full,3,1,-1.5175180435180664,2.3831751346588135,0.9076205492019653
3,6086,Full,4,1,-1.5171085596084595,2.383999824523926,0.9084451794624329
3,6086,Full,5,0,-1.5167933702468872,2.3849596977233887,0.9093983769416809
3,6086,Full,6,1,-1.5166478157043457,2.3859403133392334,0.9104877710342407
3,6086,Full,7,1,-1.516725778579712,2.386827230453491,0.911742627620697
3,6086,Full,8,1,-1.5170356035232544,2.387530565261841,0.9131879806518555
3,6086,Full,9,0,-1.5175410509109497,2.388017177581787,0.9147830605506897
3,6086,Full,10,1,-1.5181916952133179,2.3883044719696045,0.9164620637893677
3,6086,Full,11,0,-1.518944263458252,2.388453483581543,0.9182012677192688
3,6086,Full,12,1,-1.5197561979293823,2.3885436058044434,0.9199991822242737
3,6086,Full,13,1,-1.5205836296081543,2.388627767562866,0.9218745827674866
3,6086,Full,14,1,-1.521390676498413,2.3887345790863037,0.9238718152046204
3,6086,Full,15,1,-1.5221474170684814,2.3888816833496094,0.9260491132736206
3,6086,Full,16,1,-1.5228338241577148,2.3890795707702637,0.9284612536430359
3,6086,Full,17,1,-1.5234391689300537,2.389352798461914,0.931144654750824
3,6086,Full,18,0,-1.523961067199707,2.389732599258423,0.9341046810150146
3,6086,Full,19,1,-1.5244081020355225,2.390247344970703,0.9373079538345337
3,6086,Full,20,1,-1.524796724319458,2.3909239768981934,0.9407107830047607
3,6086,Full,21,1,-1.5251394510269165,2.391781806945801,0.944279670715332
3,6086,Full,22,1,-1.5254383087158203,2.3928287029266357,0.9479798674583435
3,6086,Full,23,1,-1.5256952047348022,2.3940718173980713,0.9517750144004822
3,6086,Full,24,1,-1.5259132385253906,2.395517587661743,0.9556419253349304
3,6086,Full,25,1,-1.5260976552963257,2.397152900695801,0.9595664143562317
3,6086,Full,26,1,-1.5262553691864014,2.3989551067352295,0.9635339379310608
3,6086,Full,27,1,-1.5263906717300415,2.400907516479492,0.9675356149673462
3,6086,Full,28,1,-1.5265201330184937,2.403007745742798,0.9715723991394043
3,6086,Full,29,1,-1.526658058166504,2.40527081489563,0.9756518006324768
3,6086,GRU,0,1,-1.5184509754180908,2.3821518421173096,0.9061792492866516
3,6086,GRU,1,1,-1.5182899236679077,2.382263660430908,0.9064835906028748
3,6086,GRU,2,1,-1.518009066581726,2.3826608657836914,0.9070781469345093
3,6086,GRU,3,1,-1.5176986455917358,2.383296489715576,0.9078341126441956
3,6086,GRU,4,1,-1.517431378364563,2.384056806564331,0.9086670875549316
3,6086,GRU,5,0,-1.5172868967056274,2.3848509788513184,0.9095607995986938
3,6086,GRU,6,1,-1.5173733234405518,2.385627508163452,0.9105187654495239
3,6086,GRU,7,1,-1.5177836418151855,2.386284589767456,0.911570131778717
3,6086,GRU,8,1,-1.518523097038269,2.3867249488830566,0.9126959443092346
3,6086,GRU,9,0,-1.519464373588562,2.3870134353637695,0.913847029209137
3,6086,GRU,10,1,-1.5205140113830566,2.3872201442718506,0.9150614738464355
3,6086,GRU,11,0,-1.5216490030288696,2.387390375137329,0.9163740277290344
3,6086,GRU,12,1,-1.522838830947876,2.387589693069458,0.9177601933479309
3,6086,GRU,13,1,-1.5240452289581299,2.387824058532715,0.9192227125167847
3,6086,GRU,14,1,-1.5252363681793213,2.388087272644043,0.9208174347877502
3,6086,GRU,15,1,-1.5264127254486084,2.388390302658081,0.9225984811782837
3,6086,GRU,16,1,-1.5275567770004272,2.3887503147125244,0.9245747923851013
3,6086,GRU,17,1,-1.528645634651184,2.389188289642334,0.9267635941505432
3,6086,GRU,18,0,-1.529679536819458,2.3897297382354736,0.9291688799858093
3,6086,GRU,19,1,-1.530644416809082,2.390385627746582,0.9317631721496582
3,6086,GRU,20,1,-1.5315247774124146,2.391188144683838,0.934518039226532
3,6086,GRU,21,1,-1.5323541164398193,2.3921728134155273,0.93740314245224
3,6086,GRU,22,1,-1.5331639051437378,2.393324136734009,0.9403899312019348
3,6086,GRU,23,1,-1.533940315246582,2.394655466079712,0.9434614777565002
3,6086,GRU,24,1,-1.5346821546554565,2.3961949348449707,0.9465811252593994
3,6086,GRU,25,1,-1.5353949069976807,2.397942543029785,0.9497175216674805
3,6086,GRU,26,1,-1.5360829830169678,2.399907112121582,0.9528540968894958
3,6086,GRU,27,1,-1.5367642641067505,2.4020438194274902,0.9559938907623291
3,6086,GRU,28,1,-1.5374581813812256,2.4043331146240234,0.9591480493545532
3,6086,GRU,29,1,-1.538191318511963,2.4068191051483154,0.9623039364814758
3,6086,Transformer,0,1,-1.5184509754180908,2.3821518421173096,0.9061792492866516
3,6086,Transformer,1,1,-1.5184357166290283,2.3821957111358643,0.9062567949295044
3,6086,Transformer,2,1,-1.5184067487716675,2.3822457790374756,0.9064095616340637
3,6086,Transformer,3,1,-1.518375277519226,2.3823471069335938,0.906629204750061
3,6086,Transformer,4,1,-1.5183435678482056,2.3825151920318604,0.9069026708602905
3,6086,Transformer,5,0,-1.51833176612854,2.3827314376831055,0.9072467088699341
3,6086,Transformer,6,1,-1.5183582305908203,2.3829076290130615,0.9077525734901428
3,6086,Transformer,7,1,-1.5184441804885864,2.382941722869873,0.9085408449172974
3,6086,Transformer,8,1,-1.5186002254486084,2.3828463554382324,0.9095844030380249
3,6086,Transformer,9,0,-1.518822193145752,2.3826777935028076,0.910857081413269
3,6086,Transformer,10,1,-1.5190962553024292,2.3824174404144287,0.912385880947113
3,6086,Transformer,11,0,-1.5194002389907837,2.382108211517334,0.9141426086425781
3,6086,Transformer,12,1,-1.519714117050171,2.3818633556365967,0.9160922169685364
3,6086,Transformer,13,1,-1.5200474262237549,2.3816773891448975,0.9182363152503967
3,6086,Transformer,14,1,-1.5203992128372192,2.3815958499908447,0.9205739498138428
3,6086,Transformer,15,1,-1.520771861076355,2.3816792964935303,0.9230819344520569
3,6086,Transformer,16,1,-1.5211825370788574,2.3819117546081543,0.9257708787918091
3,6086,Transformer,17,1,-1.521610140800476,2.3823227882385254,0.9286191463470459
3,6086,Transformer,18,0,-1.5220166444778442,2.3829400539398193,0.9315800070762634
3,6086,Transformer,19,1,-1.522356390953064,2.3836750984191895,0.9346848130226135
3,6086,Transformer,20,1,-1.5225880146026611,2.3844573497772217,0.9379621744155884
3,6086,Transformer,21,1,-1.5226961374282837,2.3853132724761963,0.9413704872131348
3,6086,Transformer,22,1,-1.5226778984069824,2.3862409591674805,0.9448885917663574
3,6086,Transformer,23,1,-1.5225272178649902,2.3872272968292236,0.9485474228858948
3,6086,Transformer,24,1,-1.5222581624984741,2.388277769088745,0.9523489475250244
3,6086,Transformer,25,1,-1.5218976736068726,2.3893864154815674,0.9562736749649048
3,6086,Transformer,26,1,-1.5214918851852417,2.3905467987060547,0.9603185653686523
3,6086,Transformer,27,1,-1.5210719108581543,2.3917765617370605,0.9644846320152283
3,6086,Transformer,28,1,-1.5206421613693237,2.3930881023406982,0.9687646627426147
3,6086,Transformer,29,1,-1.5202115774154663,2.3944709300994873,0.9731460213661194
3,6086,LOCF,0,1,-1.5184509754180908,2.3821518421173096,0.9061792492866516
3,6086,LOCF,1,1,-1.5182597637176514,2.3823325634002686,0.9064384698867798
3,6086,LOCF,2,1,-1.5179113149642944,2.3826940059661865,0.9069375991821289
3,6086,LOCF,3,1,-1.5174803733825684,2.3832807540893555,0.9076500535011292
3,6086,LOCF,4,1,-1.517007827758789,2.384099006652832,0.9085337519645691
3,6086,LOCF,5,0,-1.5165817737579346,2.385052442550659,0.9095460772514343
3,6086,LOCF,6,1,-1.5163253545761108,2.386082649230957,0.9106945991516113
3,6086,LOCF,7,1,-1.5162924528121948,2.3870749473571777,0.9119874835014343
3,6086,LOCF,8,1,-1.516501784324646,2.3879144191741943,0.913449764251709
3,6086,LOCF,9,0,-1.5169169902801514,2.388568162918091,0.9150618314743042
3,6086,LOCF,10,1,-1.5174773931503296,2.3890225887298584,0.9167789816856384
3,6086,LOCF,11,0,-1.5181397199630737,2.389338493347168,0.9185775518417358
3,6086,LOCF,12,1,-1.5188847780227661,2.3895957469940186,0.920434832572937
3,6086,LOCF,13,1,-1.519668698310852,2.3898470401763916,0.9223518371582031
3,6086,LOCF,14,1,-1.5204322338104248,2.390106678009033,0.9243729710578918
3,6086,LOCF,15,1,-1.5211598873138428,2.390392303466797,0.926574170589447
3,6086,LOCF,16,1,-1.5218316316604614,2.39072847366333,0.9289869666099548
3,6086,LOCF,17,1,-1.5224223136901855,2.3911402225494385,0.9316478371620178
3,6086,LOCF,18,0,-1.5229295492172241,2.3916585445404053,0.9345853328704834
3,6086,LOCF,19,1,-1.5233557224273682,2.392296552658081,0.9377917051315308
3,6086,LOCF,20,1,-1.5237008333206177,2.393080949783325,0.9412668943405151
3,6086,LOCF,21,1,-1.5239835977554321,2.394038677215576,0.9449518322944641
3,6086,LOCF,22,1,-1.524222731590271,2.3951776027679443,0.9487680792808533
3,6086,LOCF,23,1,-1.524420142173767,2.396512746810913,0.9526964426040649
3,6086,LOCF,24,1,-1.5245788097381592,2.398050546646118,0.9567137360572815
3,6086,LOCF,25,1,-1.524703860282898,2.399789571762085,0.9607967734336853
3,6086,LOCF,26,1,-1.5247994661331177,2.4017298221588135,0.9649310111999512
3,6086,LOCF,27,1,-1.5248699188232422,2.403843402862549,0.9690994024276733
3,6086,LOCF,28,1,-1.5249196290969849,2.406104564666748,0.9733029007911682
3,6086,LOCF,29,1,-1.5249484777450562,2.4085288047790527,0.9775490164756775
3,6086,MICE,0,1,-1.5184509754180908,2.3821518421173096,0.9061792492866516
3,6086,MICE,1,1,-1.5183565616607666,2.3822953701019287,0.9064384698867798
3,6086,MICE,2,1,-1.5182015895843506,2.3825812339782715,0.9069375991821289
3,6086,MICE,3,1,-1.5179641246795654,2.383054256439209,0.9076192378997803
3,6086,MICE,4,1,-1.5177292823791504,2.383758783340454,0.9084413051605225
3,6086,MICE,5,0,-1.5175851583480835,2.3845982551574707,0.9093919992446899
3,6086,MICE,6,1,-1.5176106691360474,2.385500907897949,0.9104788899421692
3,6086,MICE,7,1,-1.5178595781326294,2.386352062225342,0.9117356538772583
3,6086,MICE,8,1,-1.518229365348816,2.387159824371338,0.9131873250007629
3,6086,MICE,9,0,-1.5186835527420044,2.3878908157348633,0.9147887229919434
3,6086,MICE,10,1,-1.5192829370498657,2.388422727584839,0.9165122509002686
3,6086,MICE,11,0,-1.519984245300293,2.3888161182403564,0.9183341860771179
3,6086,MICE,12,1,-1.5207310914993286,2.389150619506836,0.920214831829071
3,6086,MICE,13,1,-1.521479606628418,2.389479398727417,0.9222062230110168
3,6086,MICE,14,1,-1.5222076177597046,2.3898208141326904,0.924352765083313
3,6086,MICE,15,1,-1.5229071378707886,2.3901925086975098,0.9266793727874756
3,6086,MICE,16,1,-1.5235580205917358,2.3906149864196777,0.9291659593582153
3,6086,MICE,17,1,-1.5241278409957886,2.391112804412842,0.9318488836288452
3,6086,MICE,18,0,-1.5246142148971558,2.3917171955108643,0.9348084926605225
3,6086,MICE,19,1,-1.5250616073608398,2.3924221992492676,0.9379705190658569
3,6086,MICE,20,1,-1.5254511833190918,2.393254518508911,0.9412726163864136
3,6086,MICE,21,1,-1.5257595777511597,2.3942453861236572,0.944722056388855
3,6086,MICE,22,1,-1.526045560836792,2.3954029083251953,0.9483028650283813
3,6086,MICE,23,1,-1.526310920715332,2.396756887435913,0.9520077705383301
3,6086,MICE,24,1,-1.526537537574768,2.398313283920288,0.9558135867118835
3,6086,MICE,25,1,-1.5267305374145508,2.4000308513641357,0.9597160220146179
3,6086,MICE,26,1,-1.5269275903701782,2.4018447399139404,0.9637006521224976
3,6086,MICE,27,1,-1.5271331071853638,2.4037668704986572,0.9677194356918335
3,6086,MICE,28,1,-1.5273396968841553,2.405836820602417,0.9717733263969421
3,6086,MICE,29,1,-1.5275866985321045,2.408069610595703,0.9758698344230652
4,9129,Full,0,1,-1.4830721616744995,2.533705711364746,0.9718421101570129
4,9129,Full,1,1,-1.4831857681274414,2.5336475372314453,0.9718616604804993
4,9129,Full,2,1,-1.4834108352661133,2.533534288406372,0.9719017744064331
4,9129,Full,3,1,-1.4837396144866943,2.5333433151245117,0.971950113773346
4,9129,Full,4,1,-1.4841690063476562,2.5330252647399902,0.9719883799552917
4,9129,Full,5,1,-1.4847122430801392,2.532504081726074,0.9720080494880676
4,9129,Full,6,1,-1.4853929281234741,2.5316808223724365,0.9720180034637451
4,9129,Full,7,1,-1.4862334728240967,2.530452013015747,0.9720412492752075
4,9129,Full,8,1,-1.487250566482544,2.52875018119812,0.972105085849762
4,9129,Full,9,1,-1.4884501695632935,2.526599884033203,0.9722290635108948
4,9129,Full,10,1,-1.4898135662078857,2.5241494178771973,0.9724268317222595
4,9129,Full,11,1,-1.4912983179092407,2.521615743637085,0.9727087020874023
4,9129,Full,12,1,-1.49285089969635,2.519207239151001,0.9730642437934875
4,9129,Full,13,1,-1.494417428970337,2.5170936584472656,0.9734492897987366
4,9129,Full,14,1,-1.4959495067596436,2.5153982639312744,0.9738025069236755
4,9129,Full,15,1,-1.4974111318588257,2.5142006874084473,0.9740709066390991
4,9129,Full,16,1,-1.4987883567810059,2.5135338306427,0.9742218852043152
4,9129,Full,17,1,-1.5000934600830078,2.5133769512176514,0.9742365479469299
4,9129,Full,18,1,-1.501354694366455,2.5136563777923584,0.9741027355194092
4,9129,Full,19,1,-1.5026037693023682,2.5142574310302734,0.9738165140151978
4,9129,Full,20,1,-1.5038756132125854,2.515049934387207,0.9733902215957642
4,9129,Full,21,1,-1.5052027702331543,2.515904188156128,0.972855806350708
4,9129,Full,22,0,-1.5066094398498535,2.516700506210327,0.9722542762756348
4,9129,Full,23,1,-1.5081175565719604,2.517336368560791,0.9716280698776245
4,9129,Full,24,1,-1.5097483396530151,2.5177459716796875,0.9710209369659424
4,9129,Full,25,0,-1.5115119218826294,2.5179264545440674,0.9704728722572327
4,9129,Full,26,1,-1.513400673866272,2.5179450511932373,0.9700032472610474
4,9129,Full,27,1,-1.5153937339782715,2.517897844314575,0.9695995450019836
4,9129,Full,28,1,-1.5174616575241089,2.5178685188293457,0.9692177176475525
4,9129,Full,29,1,-1.5195708274841309,2.517920732498169,0.9687987565994263
4,9129,GRU,0,1,-1.4830721616744995,2.533705711364746,0.9718421101570129
4,9129,GRU,1,1,-1.4831701517105103,2.53364634513855,0.9718658328056335
4,9129,GRU,2,1,-1.4833742380142212,2.5335001945495605,0.971906304359436
4,9129,GRU,3,1,-1.4836877584457397,2.5332300662994385,0.9719514846801758
4,9129,GRU,4,1,-1.484090805053711,2.5327954292297363,0.9719909429550171
4,9129,GRU,5,1,-1.484580636024475,2.532167434692383,0.9720233678817749
4,9129,GRU,6,1,-1.4851793050765991,2.5312464237213135,0.9720591306686401
4,9129,GRU,7,1,-1.485911250114441,2.529919147491455,0.9721172451972961
4,9129,GRU,8,1,-1.4867939949035645,2.5281031131744385,0.9722161889076233
4,9129,GRU,9,1,-1.4878325462341309,2.5257556438446045,0.9723600149154663
4,9129,GRU,10,1,-1.4890185594558716,2.5229287147521973,0.9725571274757385
4,9129,GRU,11,1,-1.4903223514556885,2.5198428630828857,0.9728168249130249
4,9129,GRU,12,1,-1.491713523864746,2.516753911972046,0.9731296896934509
4,9129,GRU,13,1,-1.4931721687316895,2.513853073120117,0.9734527468681335
4,9129,GRU,14,1,-1.494663953781128,2.5112767219543457,0.9737348556518555
4,9129,GRU,15,1,-1.4961615800857544,2.5091042518615723,0.9739428758621216
4,9129,GRU,16,1,-1.4976502656936646,2.50736403465271,0.9740555882453918
4,9129,GRU,17,1,-1.4991176128387451,2.5060555934906006,0.9740615487098694
4,9129,GRU,18,1,-1.5005707740783691,2.5051724910736084,0.9739443063735962
4,9129,GRU,19,1,-1.5020289421081543,2.5046138763427734,0.9737119674682617
4,9129,GRU,20,1,-1.5035148859024048,2.504232168197632,0.9733794927597046
4,9129,GRU,21,1,-1.5050430297851562,2.503870725631714,0.9729682803153992
4,9129,GRU,22,0,-1.506650686264038,2.503357172012329,0.9725143313407898
4,9129,GRU,23,1,-1.5083749294281006,2.5025501251220703,0.9720554351806641
4,9129,GRU,24,1,-1.510221004486084,2.501396894454956,0.9716305732727051
4,9129,GRU,25,0,-1.5121814012527466,2.4999141693115234,0.9712643623352051
4,9129,GRU,26,1,-1.5142372846603394,2.498178482055664,0.9709635972976685
4,9129,GRU,27,1,-1.5163793563842773,2.4962985515594482,0.9707016348838806
4,9129,GRU,28,1,-1.5185961723327637,2.494368553161621,0.9704306721687317
4,9129,GRU,29,1,-1.5208516120910645,2.492495059967041,0.9701048135757446
4,9129,Transformer,0,1,-1.4830721616744995,2.533705711364746,0.9718421101570129
4,9129,Transformer,1,1,-1.4831912517547607,2.5335609912872314,0.9718414545059204
4,9129,Transformer,2,1,-1.4834307432174683,2.5332491397857666,0.9718368649482727
4,9129,Transformer,3,1,-1.4837898015975952,2.532799243927002,0.9718344807624817
4,9129,Transformer,4,1,-1.4842729568481445,2.5322179794311523,0.9718416333198547
4,9129,Transformer,5,1,-1.4848730564117432,2.531442165374756,0.9718581438064575
4,9129,Transformer,6,1,-1.4855809211730957,2.530447244644165,0.9718883037567139
4,9129,Transformer,7,1,-1.4864022731781006,2.529082775115967,0.9719505310058594
4,9129,Transformer,8,1,-1.4873292446136475,2.527111530303955,0.9720596075057983
4,9129,Transformer,9,1,-1.4883862733840942,2.524603843688965,0.9722222089767456
4,9129,Transformer,10,1,-1.4895908832550049,2.5216176509857178,0.9724349975585938
4,9129,Transformer,11,1,-1.4909034967422485,2.5182321071624756,0.9726544618606567
4,9129,Transformer,12,1,-1.4923020601272583,2.5146632194519043,0.9728254675865173
4,9129,Transformer,13,1,-1.4937819242477417,2.5109732151031494,0.9729148149490356
4,9129,Transformer,14,1,-1.495367407798767,2.507354497909546,0.9729198217391968
4,9129,Transformer,15,1,-1.4970457553863525,2.5039637088775635,0.9728506803512573
4,9129,Transformer,16,1,-1.4988012313842773,2.500859260559082,0.9726951122283936
4,9129,Transformer,17,1,-1.5006563663482666,2.4980685710906982,0.9724458456039429
4,9129,Transformer,18,1,-1.5025893449783325,2.495614528656006,0.9721114039421082
4,9129,Transformer,19,1,-1.5045616626739502,2.4934651851654053,0.9716813564300537
4,9129,Transformer,20,1,-1.5065721273422241,2.4915237426757812,0.9711875319480896
4,9129,Transformer,21,1,-1.508654236793518,2.489708662033081,0.9706941246986389
4,9129,Transformer,22,0,-1.510820746421814,2.4878573417663574,0.9702001810073853
4,9129,Transformer,23,1,-1.5130791664123535,2.4858953952789307,0.9696872234344482
4,9129,Transformer,24,1,-1.515420913696289,2.48374605178833,0.969150185585022
4,9129,Transformer,25,0,-1.5178214311599731,2.4813284873962402,0.9685742259025574
4,9129,Transformer,26,1,-1.5203195810317993,2.4785943031311035,0.9679588079452515
4,9129,Transformer,27,1,-1.522927165031433,2.4755451679229736,0.9673172235488892
4,9129,Transformer,28,1,-1.525633454322815,2.4722728729248047,0.9666704535484314
4,9129,Transformer,29,1,-1.5284439325332642,2.4689252376556396,0.9660424590110779
4,9129,LOCF,0,1,-1.4830721616744995,2.533705711364746,0.9718421101570129
4,9129,LOCF,1,1,-1.48318612575531,2.5336475372314453,0.9718616604804993
4,9129,LOCF,2,1,-1.4834117889404297,2.533534288406372,0.9719017744064331
4,9129,LOCF,3,1,-1.4837411642074585,2.5333433151245117,0.971950113773346
4,9129,LOCF,4,1,-1.4841686487197876,2.5330252647399902,0.9719883799552917
4,9129,LOCF,5,1,-1.484707236289978,2.532504081726074,0.972007691860199
4,9129,LOCF,6,1,-1.4853832721710205,2.5316808223724365,0.9720169305801392
4,9129,LOCF,7,1,-1.4862191677093506,2.530500650405884,0.972039520740509
4,9129,LOCF,8,1,-1.487231731414795,2.528963565826416,0.9721026420593262
4,9129,LOCF,9,1,-1.4884283542633057,2.5270698070526123,0.9722191691398621
4,9129,LOCF,10,1,-1.4897903203964233,2.5248191356658936,0.9724026322364807
4,9129,LOCF,11,1,-1.4912735223770142,2.522404432296753,0.9726666808128357
4,9129,LOCF,12,1,-1.4928526878356934,2.5201146602630615,0.9730112552642822
4,9129,LOCF,13,1,-1.494527816772461,2.5181198120117188,0.9733957648277283
4,9129,LOCF,14,1,-1.4962223768234253,2.516493320465088,0.9737484455108643
4,9129,LOCF,15,1,-1.4978597164154053,2.515314817428589,0.9740163683891296
4,9129,LOCF,16,1,-1.4994258880615234,2.5146639347076416,0.9741668105125427
4,9129,LOCF,17,1,-1.5009199380874634,2.5145199298858643,0.9741809368133545
4,9129,LOCF,18,1,-1.502369999885559,2.514862298965454,0.9740466475486755
4,9129,LOCF,19,1,-1.5037909746170044,2.5155763626098633,0.9737595915794373
4,9129,LOCF,20,1,-1.5051828622817993,2.516481876373291,0.9733322262763977
4,9129,LOCF,21,1,-1.5065456628799438,2.517449140548706,0.9727966785430908
4,9129,LOCF,22,0,-1.5079385042190552,2.5183584690093994,0.9721940755844116
4,9129,LOCF,23,1,-1.50942063331604,2.5191073417663574,0.9715667963027954
4,9129,LOCF,24,1,-1.5110132694244385,2.519629955291748,0.9709585905075073
4,9129,LOCF,25,0,-1.512738585472107,2.519923448562622,0.9704094529151917
4,9129,LOCF,26,1,-1.5145978927612305,2.520005464553833,0.9699387550354004
4,9129,LOCF,27,1,-1.5165703296661377,2.5198757648468018,0.9695339798927307
4,9129,LOCF,28,1,-1.5186350345611572,2.5195345878601074,0.9691806435585022
4,9129,LOCF,29,1,-1.5207583904266357,2.518981695175171,0.968819797039032
4,9129,MICE,0,1,-1.4830721616744995,2.533705711364746,0.9718421101570129
4,9129,MICE,1,1,-1.4831736087799072,2.5336475372314453,0.9718616604804993
4,9129,MICE,2,1,-1.4833743572235107,2.533534288406372,0.9719017744064331
4,9129,MICE,3,1,-1.4836788177490234,2.5333433151245117,0.971950113773346
4,9129,MICE,4,1,-1.4840790033340454,2.5330252647399902,0.9719883799552917
4,9129,MICE,5,1,-1.4845880270004272,2.532504081726074,0.9720419049263
4,9129,MICE,6,1,-1.4852344989776611,2.5316808223724365,0.9721195697784424
4,9129,MICE,7,1,-1.4860409498214722,2.5305123329162598,0.9722105860710144
4,9129,MICE,8,1,-1.487023949623108,2.5290160179138184,0.9723421335220337
4,9129,MICE,9,1,-1.4881350994110107,2.527395009994507,0.9725037813186646
4,9129,MICE,10,1,-1.4893558025360107,2.525709390640259,0.9727091193199158
4,9129,MICE,11,1,-1.4906977415084839,2.5239369869232178,0.9729901552200317
4,9129,MICE,12,1,-1.4921135902404785,2.522289752960205,0.9733233451843262
4,9129,MICE,13,1,-1.4935567378997803,2.520937442779541,0.9736729264259338
4,9129,MICE,14,1,-1.494972825050354,2.5200469493865967,0.9739906191825867
4,9129,MICE,15,1,-1.4963315725326538,2.519698143005371,0.9742235541343689
4,9129,MICE,16,1,-1.4976190328598022,2.5198981761932373,0.9743390083312988
4,9129,MICE,17,1,-1.4988343715667725,2.5206263065338135,0.9743181467056274
4,9129,MICE,18,1,-1.5000057220458984,2.5217466354370117,0.9741488695144653
4,9129,MICE,19,1,-1.501167893409729,2.5231447219848633,0.9738881587982178
4,9129,MICE,20,1,-1.5023406744003296,2.5247342586517334,0.973548412322998
4,9129,MICE,21,1,-1.503544807434082,2.526385545730591,0.9731005430221558
4,9129,MICE,22,0,-1.504819631576538,2.5279788970947266,0.9725856184959412
4,9129,MICE,23,1,-1.5061935186386108,2.529412031173706,0.9720459580421448
4,9129,MICE,24,1,-1.5076874494552612,2.530618667602539,0.9715253710746765
4,9129,MICE,25,0,-1.5093141794204712,2.5315961837768555,0.9710638523101807
4,9129,MICE,26,1,-1.5110511779785156,2.5324437618255615,0.9706807732582092
4,9129,MICE,27,1,-1.5128777027130127,2.5332560539245605,0.9703636765480042
4,9129,MICE,28,1,-1.5147675275802612,2.534133195877075,0.9700574278831482
4,9129,MICE,29,1,-1.5166871547698975,2.5352184772491455,0.969702959060669
5,12172,Full,0,1,-1.2572215795516968,2.4719908237457275,0.9169164299964905
5,12172,Full,1,1,-1.2572351694107056,2.4720067977905273,0.9169310927391052
5,12172,Full,2,1,-1.2572675943374634,2.4720516204833984,0.9169571995735168
5,12172,Full,3,1,-1.2573195695877075,2.472128391265869,0.9169933795928955
5,12172,Full,4,1,-1.2573837041854858,2.4722354412078857,0.9170354604721069
5,12172,Full,5,1,-1.2574522495269775,2.4723711013793945,0.9170772433280945
5,12172,Full,6,1,-1.257513165473938,2.4725372791290283,0.9171101450920105
5,12172,Full,7,1,-1.2575544118881226,2.4727349281311035,0.9171218872070312
5,12172,Full,8,1,-1.2575777769088745,2.472961664199829,0.9171035289764404
5,12172,Full,9,1,-1.2575931549072266,2.4732136726379395,0.9170564413070679
5,12172,Full,10,1,-1.2576075792312622,2.473484754562378,0.9169870018959045
5,12172,Full,11,1,-1.257623314857483,2.473769426345825,0.9168998003005981
5,12172,Full,12,1,-1.2576435804367065,2.474066734313965,0.9168012142181396
5,12172,Full,13,1,-1.257673978805542,2.4743802547454834,0.9166993498802185
5,12172,Full,14,1,-1.2577195167541504,2.4747142791748047,0.916597843170166
5,12172,Full,15,1,-1.257784128189087,2.4750728607177734,0.9164998531341553
5,12172,Full,16,1,-1.2578712701797485,2.475459098815918,0.9164071083068848
5,12172,Full,17,1,-1.2579814195632935,2.4758691787719727,0.9163114428520203
5,12172,Full,18,1,-1.2581079006195068,2.4762957096099854,0.9161999821662903
5,12172,Full,19,1,-1.2582385540008545,2.4767305850982666,0.9160670042037964
5,12172,Full,20,1,-1.2583627700805664,2.4771642684936523,0.915915310382843
5,12172,Full,21,1,-1.2584779262542725,2.477591037750244,0.915754497051239
5,12172,Full,22,1,-1.2585862874984741,2.4780118465423584,0.9156090021133423
5,12172,Full,23,1,-1.2586910724639893,2.478424072265625,0.9155375957489014
5,12172,Full,24,1,-1.2587846517562866,2.478827476501465,0.9155635237693787
5,12172,Full,25,1,-1.2588528394699097,2.4792370796203613,0.9156367778778076
5,12172,Full,26,1,-1.2589014768600464,2.479661703109741,0.9156948924064636
5,12172,Full,27,1,-1.2589439153671265,2.4800963401794434,0.915703296661377
5,12172,Full,28,0,-1.2589784860610962,2.4805266857147217,0.915662407875061
5,12172,Full,29,1,-1.2589986324310303,2.4809274673461914,0.9155888557434082
5,12172,GRU,0,1,-1.2572215795516968,2.4719908237457275,0.9169164299964905
5,12172,GRU,1,1,-1.2572383880615234,2.471996307373047,0.916920006275177
5,12172,GRU,2,1,-1.2572803497314453,2.4720091819763184,0.9169154763221741
5,12172,GRU,3,1,-1.2573339939117432,2.472036838531494,0.9169109463691711
5,12172,GRU,4,1,-1.2573914527893066,2.472073554992676,0.9169203042984009
5,12172,GRU,5,1,-1.257452368736267,2.472130298614502,0.9169459342956543
5,12172,GRU,6,1,-1.2575057744979858,2.4722132682800293,0.9169830679893494
5,12172,GRU,7,1,-1.2575386762619019,2.472320079803467,0.9170266389846802
5,12172,GRU,8,1,-1.257555603981018,2.4724578857421875,0.9170506596565247
5,12172,GRU,9,1,-1.2575633525848389,2.4726130962371826,0.9170297384262085
5,12172,GRU,10,1,-1.2575657367706299,2.472776174545288,0.9169793725013733
5,12172,GRU,11,1,-1.2575700283050537,2.4729480743408203,0.916914165019989
5,12172,GRU,12,1,-1.2575851678848267,2.47314190864563,0.9168348908424377
5,12172,GRU,13,1,-1.2576137781143188,2.4733688831329346,0.9167494177818298
5,12172,GRU,14,1,-1.257651686668396,2.4736242294311523,0.9166585206985474
5,12172,GRU,15,1,-1.2577035427093506,2.473914861679077,0.9165630340576172
5,12172,GRU,16,1,-1.2577701807022095,2.474229335784912,0.9164657592773438
5,12172,GRU,17,1,-1.257848858833313,2.474562644958496,0.916361927986145
5,12172,GRU,18,1,-1.2579370737075806,2.4749226570129395,0.9162499904632568
5,12172,GRU,19,1,-1.2580281496047974,2.4753005504608154,0.9161267876625061
5,12172,GRU,20,1,-1.2581171989440918,2.4756791591644287,0.9159939885139465
5,12172,GRU,21,1,-1.2582041025161743,2.4760611057281494,0.9158598780632019
5,12172,GRU,22,1,-1.2582918405532837,2.4764511585235596,0.915734589099884
5,12172,GRU,23,1,-1.2583885192871094,2.476857900619507,0.9156383275985718
5,12172,GRU,24,1,-1.2584866285324097,2.4772837162017822,0.915580689907074
5,12172,GRU,25,1,-1.2585664987564087,2.4777071475982666,0.9155524969100952
5,12172,GRU,26,1,-1.2586220502853394,2.478102922439575,0.9155099391937256
5,12172,GRU,27,1,-1.2586461305618286,2.478461265563965,0.9154211282730103
5,12172,GRU,28,0,-1.2586427927017212,2.4787588119506836,0.9152922630310059
5,12172,GRU,29,1,-1.25862717628479,2.4789857864379883,0.9151401519775391
5,12172,Transformer,0,1,-1.2572215795516968,2.4719908237457275,0.9169164299964905
5,12172,Transformer,1,1,-1.2572262287139893,2.4719953536987305,0.9169152975082397
5,12172,Transformer,2,1,-1.2572370767593384,2.471998453140259,0.9169157147407532
5,12172,Transformer,3,1,-1.2572529315948486,2.4719901084899902,0.9169166088104248
5,12172,Transformer,4,1,-1.2572722434997559,2.4719698429107666,0.916914701461792
5,12172,Transformer,5,1,-1.2572945356369019,2.47194766998291,0.9169089794158936
5,12172,Transformer,6,1,-1.2573215961456299,2.4719295501708984,0.9168986082077026
5,12172,Transformer,7,1,-1.2573555707931519,2.4719133377075195,0.9168834090232849
5,12172,Transformer,8,1,-1.257396936416626,2.4718973636627197,0.9168646931648254
5,12172,Transformer,9,1,-1.2574418783187866,2.4718778133392334,0.9168429374694824
5,12172,Transformer,10,1,-1.2574869394302368,2.471853256225586,0.916818380355835
5,12172,Transformer,11,1,-1.2575325965881348,2.4718194007873535,0.9167911410331726
5,12172,Transformer,12,1,-1.2575786113739014,2.4717748165130615,0.9167596101760864
5,12172,Transformer,13,1,-1.2576265335083008,2.471724271774292,0.9167243838310242
5,12172,Transformer,14,1,-1.257676601409912,2.4716665744781494,0.9166865944862366
5,12172,Transformer,15,1,-1.2577290534973145,2.471599817276001,0.9166458249092102
5,12172,Transformer,16,1,-1.2577836513519287,2.4715240001678467,0.9166009426116943
5,12172,Transformer,17,1,-1.2578390836715698,2.4714386463165283,0.9165515303611755
5,12172,Transformer,18,1,-1.2578949928283691,2.4713449478149414,0.916497528553009
5,12172,Transformer,19,1,-1.2579563856124878,2.471245050430298,0.9164410829544067
5,12172,Transformer,20,1,-1.2580257654190063,2.4711415767669678,0.9163845181465149
5,12172,Transformer,21,1,-1.2581042051315308,2.4710381031036377,0.9163263440132141
5,12172,Transformer,22,1,-1.2581931352615356,2.4709346294403076,0.9162650108337402
5,12172,Transformer,23,1,-1.2582887411117554,2.4708261489868164,0.9161993265151978
5,12172,Transformer,24,1,-1.258392333984375,2.4707083702087402,0.9161288738250732
5,12172,Transformer,25,1,-1.2585068941116333,2.4705796241760254,0.9160587191581726
5,12172,Transformer,26,1,-1.2586249113082886,2.4704318046569824,0.915993332862854
5,12172,Transformer,27,1,-1.25873601436615,2.4702577590942383,0.9159296751022339
5,12172,Transformer,28,0,-1.2588386535644531,2.470062255859375,0.9158660769462585
5,12172,Transformer,29,1,-1.2589365243911743,2.469858407974243,0.9158019423484802
5,12172,LOCF,0,1,-1.2572215795516968,2.4719908237457275,0.9169164299964905
5,12172,LOCF,1,1,-1.2572365999221802,2.4719977378845215,0.9169310927391052
5,12172,LOCF,2,1,-1.2572704553604126,2.4720242023468018,0.916957676410675
5,12172,LOCF,3,1,-1.257323980331421,2.4720826148986816,0.9169947504997253
5,12172,LOCF,4,1,-1.2573895454406738,2.4721713066101074,0.9170409440994263
5,12172,LOCF,5,1,-1.2574626207351685,2.4722886085510254,0.9170962572097778
5,12172,LOCF,6,1,-1.2575310468673706,2.4724364280700684,0.91716068983078
5,12172,LOCF,7,1,-1.2575798034667969,2.4726157188415527,0.9172342419624329
5,12172,LOCF,8,1,-1.2576106786727905,2.4728240966796875,0.917296290397644
5,12172,LOCF,9,1,-1.2576284408569336,2.473057746887207,0.9173262119293213
5,12172,LOCF,10,1,-1.25764000415802,2.4733104705810547,0.9173304438591003
5,12172,LOCF,11,1,-1.2576524019241333,2.473578929901123,0.9173169732093811
5,12172,LOCF,12,1,-1.2576655149459839,2.473862409591675,0.917292058467865
5,12172,LOCF,13,1,-1.2576855421066284,2.4741623401641846,0.917263925075531
5,12172,LOCF,14,1,-1.257720708847046,2.474482536315918,0.9172360897064209
5,12172,LOCF,15,1,-1.2577731609344482,2.474827289581299,0.9172117710113525
5,12172,LOCF,16,1,-1.257843017578125,2.4751996994018555,0.9171938896179199
5,12172,LOCF,17,1,-1.2579302787780762,2.475600242614746,0.9171825051307678
5,12172,LOCF,18,1,-1.2580317258834839,2.4760215282440186,0.9171775579452515
5,12172,LOCF,19,1,-1.2581373453140259,2.4764513969421387,0.9171651005744934
5,12172,LOCF,20,1,-1.2582402229309082,2.4768800735473633,0.9171339273452759
5,12172,LOCF,21,1,-1.2583378553390503,2.477301836013794,0.9170868396759033
5,12172,LOCF,22,1,-1.258428692817688,2.477717638015747,0.9170482158660889
5,12172,LOCF,23,1,-1.2585136890411377,2.4781246185302734,0.917083740234375
5,12172,LOCF,24,1,-1.2585852146148682,2.478522777557373,0.9172165393829346
5,12172,LOCF,25,1,-1.2586314678192139,2.4789164066314697,0.9174285531044006
5,12172,LOCF,26,1,-1.2586480379104614,2.4793148040771484,0.9176573157310486
5,12172,LOCF,27,1,-1.2586349248886108,2.479726552963257,0.9178404211997986
5,12172,LOCF,28,0,-1.2586007118225098,2.480137586593628,0.9179782867431641
5,12172,LOCF,29,1,-1.258552074432373,2.4805190563201904,0.9180834889411926
5,12172,MICE,0,1,-1.2572215795516968,2.4719908237457275,0.9169164299964905
5,12172,MICE,1,1,-1.2572319507598877,2.4719951152801514,0.9169310927391052
5,12172,MICE,2,1,-1.2572611570358276,2.4720163345336914,0.9169496893882751
5,12172,MICE,3,1,-1.2573100328445435,2.472069501876831,0.9169708490371704
5,12172,MICE,4,1,-1.257370948791504,2.4721529483795166,0.9170078635215759
5,12172,MICE,5,1,-1.2574368715286255,2.4722650051116943,0.9170635938644409
5,12172,MICE,6,1,-1.2574957609176636,2.472407579421997,0.9171245694160461
5,12172,MICE,7,1,-1.2575349807739258,2.472581624984741,0.9171854853630066
5,12172,MICE,8,1,-1.2575563192367554,2.4727847576141357,0.9172323942184448
5,12172,MICE,9,1,-1.2575823068618774,2.473013162612915,0.9172616004943848
5,12172,MICE,10,1,-1.2576199769973755,2.4732606410980225,0.9172794818878174
5,12172,MICE,11,1,-1.2576707601547241,2.4735169410705566,0.9172796010971069
5,12172,MICE,12,1,-1.2577301263809204,2.473781108856201,0.9172683358192444
5,12172,MICE,13,1,-1.2577917575836182,2.4740617275238037,0.9172537922859192
5,12172,MICE,14,1,-1.2578685283660889,2.47436261177063,0.9172395467758179
5,12172,MICE,15,1,-1.257953405380249,2.4746880531311035,0.9172288179397583
5,12172,MICE,16,1,-1.2580307722091675,2.475041151046753,0.9172036051750183
5,12172,MICE,17,1,-1.2580972909927368,2.4754109382629395,0.9171538352966309
5,12172,MICE,18,1,-1.2581655979156494,2.475790023803711,0.9170814156532288
5,12172,MICE,19,1,-1.2582380771636963,2.47617769241333,0.9169824123382568
5,12172,MICE,20,1,-1.2583273649215698,2.4765641689300537,0.9168646931648254
5,12172,MICE,21,1,-1.2584308385849,2.4769437313079834,0.9167563319206238
5,12172,MICE,22,1,-1.2585275173187256,2.4773173332214355,0.916681706905365
5,12172,MICE,23,1,-1.2586110830307007,2.47768235206604,0.9166812300682068
5,12172,MICE,24,1,-1.258673906326294,2.4780383110046387,0.916778028011322
5,12172,MICE,25,1,-1.2587114572525024,2.4784045219421387,0.9169259667396545
5,12172,MICE,26,1,-1.2587231397628784,2.478789806365967,0.917062520980835
5,12172,MICE,27,1,-1.2587121725082397,2.4791758060455322,0.9171684980392456
5,12172,MICE,28,0,-1.2586833238601685,2.4795477390289307,0.9172443747520447
5,12172,MICE,29,1,-1.2586400508880615,2.4798901081085205,0.9172875881195068
