segment_id,sample_index,curve,time_step,is_missing,x,y
1,0,Full,0,1,-1.3359947204589844,1.7033861875534058
1,0,Full,1,1,-1.3359953165054321,1.7033318281173706
1,0,Full,2,1,-1.3360003232955933,1.7032296657562256
1,0,Full,3,1,-1.336017370223999,1.7030892372131348
1,0,Full,4,1,-1.336050033569336,1.7029154300689697
1,0,Full,5,1,-1.336098074913025,1.7027114629745483
1,0,Full,6,1,-1.336161494255066,1.7024829387664795
1,0,Full,7,1,-1.3362386226654053,1.702235460281372
1,0,Full,8,1,-1.3363282680511475,1.7019773721694946
1,0,Full,9,1,-1.3364299535751343,1.7017186880111694
1,0,Full,10,1,-1.336543321609497,1.7014694213867188
1,0,Full,11,1,-1.3366668224334717,1.7012373208999634
1,0,Full,12,1,-1.336796760559082,1.7010273933410645
1,0,Full,13,1,-1.3369289636611938,1.7008395195007324
1,0,Full,14,1,-1.3370589017868042,1.700671911239624
1,0,Full,15,1,-1.3371832370758057,1.7005236148834229
1,0,Full,16,1,-1.3372993469238281,1.7003916501998901
1,0,Full,17,1,-1.3374056816101074,1.7002750635147095
1,0,Full,18,1,-1.3375040292739868,1.7001761198043823
1,0,Full,19,1,-1.3375970125198364,1.700096845626831
1,0,Full,20,1,-1.3376860618591309,1.7000389099121094
1,0,Full,21,1,-1.337772250175476,1.7000031471252441
1,0,Full,22,1,-1.3378541469573975,1.6999905109405518
1,0,Full,23,1,-1.3379267454147339,1.7000013589859009
1,0,Full,24,1,-1.3379874229431152,1.7000350952148438
1,0,Full,25,1,-1.3380355834960938,1.7000885009765625
1,0,Full,26,0,-1.3380712270736694,1.7001571655273438
1,0,Full,27,1,-1.3380961418151855,1.7002407312393188
1,0,Full,28,1,-1.3381133079528809,1.7003405094146729
1,0,Full,29,1,-1.338125467300415,1.7004565000534058
1,0,BiLNN,0,1,-1.3359947204589844,1.7033861875534058
1,0,BiLNN,1,1,-1.335993766784668,1.7033265829086304
1,0,BiLNN,2,1,-1.335997462272644,1.7032220363616943
1,0,BiLNN,3,1,-1.3360133171081543,1.7030823230743408
1,0,BiLNN,4,1,-1.3360466957092285,1.7029098272323608
1,0,BiLNN,5,1,-1.3360999822616577,1.7027064561843872
1,0,BiLNN,6,1,-1.3361707925796509,1.702478051185608
1,0,BiLNN,7,1,-1.3362557888031006,1.702231764793396
1,0,BiLNN,8,1,-1.3363534212112427,1.7019761800765991
1,0,BiLNN,9,1,-1.3364627361297607,1.7017204761505127
1,0,BiLNN,10,1,-1.3365838527679443,1.7014750242233276
1,0,BiLNN,11,1,-1.3367152214050293,1.7012512683868408
1,0,BiLNN,12,1,-1.3368533849716187,1.7010523080825806
1,0,BiLNN,13,1,-1.3369942903518677,1.7008765935897827
1,0,BiLNN,14,1,-1.3371336460113525,1.700722575187683
1,0,BiLNN,15,1,-1.337267518043518,1.7005879878997803
1,0,BiLNN,16,1,-1.337393045425415,1.7004708051681519
1,0,BiLNN,17,1,-1.3375087976455688,1.7003728151321411
1,0,BiLNN,18,1,-1.3376165628433228,1.7002947330474854
1,0,BiLNN,19,1,-1.3377188444137573,1.700236201286316
1,0,BiLNN,20,1,-1.3378170728683472,1.7002006769180298
1,0,BiLNN,21,1,-1.3379123210906982,1.7001889944076538
1,0,BiLNN,22,1,-1.3380032777786255,1.7002023458480835
1,0,BiLNN,23,1,-1.3380849361419678,1.7002418041229248
1,0,BiLNN,24,1,-1.3381545543670654,1.7003045082092285
1,0,BiLNN,25,1,-1.3382121324539185,1.7003874778747559
1,0,BiLNN,26,0,-1.3382576704025269,1.7004872560501099
1,0,BiLNN,27,1,-1.338292121887207,1.700601577758789
1,0,BiLNN,28,1,-1.3383182287216187,1.7007310390472412
1,0,BiLNN,29,1,-1.338338017463684,1.7008756399154663
1,0,BiLSTM,0,1,-1.3359947204589844,1.7033861875534058
1,0,BiLSTM,1,1,-1.3359944820404053,1.7033368349075317
1,0,BiLSTM,2,1,-1.33599853515625,1.7032426595687866
1,0,BiLSTM,3,1,-1.3360151052474976,1.703111171722412
1,0,BiLSTM,4,1,-1.3360475301742554,1.7029463052749634
1,0,BiLSTM,5,1,-1.3360952138900757,1.70274817943573
1,0,BiLSTM,6,1,-1.3361573219299316,1.7025208473205566
1,0,BiLSTM,7,1,-1.336233139038086,1.702271819114685
1,0,BiLSTM,8,1,-1.3363218307495117,1.7020107507705688
1,0,BiLSTM,9,1,-1.3364228010177612,1.701748013496399
1,0,BiLSTM,10,1,-1.336535930633545,1.7014940977096558
1,0,BiLSTM,11,1,-1.3366590738296509,1.7012569904327393
1,0,BiLSTM,12,1,-1.3367879390716553,1.7010411024093628
1,0,BiLSTM,13,1,-1.3369179964065552,1.700847864151001
1,0,BiLSTM,14,1,-1.3370447158813477,1.700676679611206
1,0,BiLSTM,15,1,-1.337164282798767,1.7005236148834229
1,0,BiLSTM,16,1,-1.337274193763733,1.7003858089447021
1,0,BiLSTM,17,1,-1.3373730182647705,1.7002630233764648
1,0,BiLSTM,18,1,-1.3374629020690918,1.7001572847366333
1,0,BiLSTM,19,1,-1.3375475406646729,1.7000715732574463
1,0,BiLSTM,20,1,-1.3376284837722778,1.7000060081481934
1,0,BiLSTM,21,1,-1.3377074003219604,1.69996178150177
1,0,BiLSTM,22,1,-1.3377825021743774,1.6999403238296509
1,0,BiLSTM,23,1,-1.33784818649292,1.699941635131836
1,0,BiLSTM,24,1,-1.3379020690917969,1.699964165687561
1,0,BiLSTM,25,1,-1.337944507598877,1.7000041007995605
1,0,BiLSTM,26,0,-1.3379744291305542,1.700057029724121
1,0,BiLSTM,27,1,-1.3379931449890137,1.7001227140426636
1,0,BiLSTM,28,1,-1.3380030393600464,1.700203537940979
1,0,BiLSTM,29,1,-1.3380051851272583,1.7002993822097778
1,0,Hybrid,0,1,-1.3359947204589844,1.7033861875534058
1,0,Hybrid,1,1,-1.3359929323196411,1.7033249139785767
1,0,Hybrid,2,1,-1.3359968662261963,1.70321524143219
1,0,Hybrid,3,1,-1.336010456085205,1.7030725479125977
1,0,Hybrid,4,1,-1.3360390663146973,1.702898383140564
1,0,Hybrid,5,1,-1.3360852003097534,1.7026920318603516
1,0,Hybrid,6,1,-1.3361502885818481,1.702459692955017
1,0,Hybrid,7,1,-1.3362318277359009,1.7022089958190918
1,0,Hybrid,8,1,-1.3363271951675415,1.7019479274749756
1,0,Hybrid,9,1,-1.336436152458191,1.7016860246658325
1,0,Hybrid,10,1,-1.3365586996078491,1.7014336585998535
1,0,Hybrid,11,1,-1.3366953134536743,1.7012003660202026
1,0,Hybrid,12,1,-1.336840271949768,1.7009902000427246
1,0,Hybrid,13,1,-1.3369877338409424,1.7008036375045776
1,0,Hybrid,14,1,-1.3371354341506958,1.700638771057129
1,0,Hybrid,15,1,-1.3372803926467896,1.7004923820495605
1,0,Hybrid,16,1,-1.3374179601669312,1.7003623247146606
1,0,Hybrid,17,1,-1.337545394897461,1.7002493143081665
1,0,Hybrid,18,1,-1.3376644849777222,1.700154185295105
1,0,Hybrid,19,1,-1.3377801179885864,1.7000788450241089
1,0,Hybrid,20,1,-1.3378950357437134,1.7000261545181274
1,0,Hybrid,21,1,-1.3380095958709717,1.6999963521957397
1,0,Hybrid,22,1,-1.338122010231018,1.6999902725219727
1,0,Hybrid,23,1,-1.33822762966156,1.7000094652175903
1,0,Hybrid,24,1,-1.338322401046753,1.7000514268875122
1,0,Hybrid,25,1,-1.3384054899215698,1.7001121044158936
1,0,Hybrid,26,0,-1.3384767770767212,1.7001879215240479
1,0,Hybrid,27,1,-1.3385381698608398,1.7002779245376587
1,0,Hybrid,28,1,-1.3385928869247437,1.700383186340332
1,0,Hybrid,29,1,-1.338642954826355,1.7005027532577515
1,0,GT,0,1,-1.3359947204589844,1.7033861875534058
1,0,GT,1,1,-1.3359947204589844,1.7033861875534058
1,0,GT,2,1,-1.3359947204589844,1.7033861875534058
1,0,GT,3,1,-1.3359947204589844,1.7033861875534058
1,0,GT,4,1,-1.3359947204589844,1.7033861875534058
1,0,GT,5,1,-1.3359947204589844,1.7033861875534058
1,0,GT,6,1,-1.3359947204589844,1.7033861875534058
1,0,GT,7,1,-1.3359947204589844,1.7033861875534058
1,0,GT,8,1,-1.3359947204589844,1.7033861875534058
1,0,GT,9,1,-1.3359947204589844,1.7033861875534058
1,0,GT,10,1,-1.3359947204589844,1.7033861875534058
1,0,GT,11,1,-1.3359947204589844,1.7033861875534058
1,0,GT,12,1,-1.3359947204589844,1.7033861875534058
1,0,GT,13,1,-1.3359947204589844,1.7033861875534058
1,0,GT,14,1,-1.3359947204589844,1.7033861875534058
1,0,GT,15,1,-1.3359947204589844,1.7033861875534058
1,0,GT,16,1,-1.3359947204589844,1.7033861875534058
1,0,GT,17,1,-1.3359947204589844,1.7033861875534058
1,0,GT,18,1,-1.3359947204589844,1.7033861875534058
1,0,GT,19,1,-1.3359947204589844,1.7033861875534058
1,0,GT,20,1,-1.3359947204589844,1.7033861875534058
1,0,GT,21,1,-1.3359947204589844,1.7033861875534058
1,0,GT,22,1,-1.3359947204589844,1.7033861875534058
1,0,GT,23,1,-1.3359947204589844,1.7033861875534058
1,0,GT,24,1,-1.3359947204589844,1.7033861875534058
1,0,GT,25,1,-1.3359947204589844,1.7033861875534058
1,0,GT,26,0,-1.3359947204589844,1.7033861875534058
1,0,GT,27,1,-1.3359947204589844,1.7033861875534058
1,0,GT,28,1,-1.3359947204589844,1.7033861875534058
1,0,GT,29,1,-1.3359947204589844,1.7033861875534058
2,3043,Full,0,1,-1.7754185199737549,2.385310173034668
2,3043,Full,1,1,-1.7753065824508667,2.3855156898498535
2,3043,Full,2,1,-1.7750474214553833,2.385913133621216
2,3043,Full,3,0,-1.7746262550354004,2.386502742767334
2,3043,Full,4,1,-1.7740421295166016,2.3872997760772705
2,3043,Full,5,1,-1.7733045816421509,2.388314723968506
2,3043,Full,6,0,-1.7724370956420898,2.389538049697876
2,3043,Full,7,1,-1.7714786529541016,2.3909335136413574
2,3043,Full,8,1,-1.7704745531082153,2.3924694061279297
2,3043,Full,9,1,-1.7694652080535889,2.3941304683685303
2,3043,Full,10,1,-1.7684776782989502,2.3958914279937744
2,3043,Full,11,1,-1.7675230503082275,2.397740602493286
2,3043,Full,12,1,-1.7665865421295166,2.399700403213501
2,3043,Full,13,1,-1.7656266689300537,2.4017839431762695
2,3043,Full,14,1,-1.7645890712738037,2.4039905071258545
2,3043,Full,15,1,-1.7634072303771973,2.4063265323638916
2,3043,Full,16,0,-1.7620168924331665,2.4087934494018555
2,3043,Full,17,1,-1.7603716850280762,2.4113821983337402
2,3043,Full,18,1,-1.7584501504898071,2.4140734672546387
2,3043,Full,19,1,-1.7562636137008667,2.416835069656372
2,3043,Full,20,1,-1.753861665725708,2.419635534286499
2,3043,Full,21,1,-1.7513214349746704,2.422442674636841
2,3043,Full,22,1,-1.745952844619751,2.427961826324463
2,3043,Full,23,1,-1.743230938911438,2.4307055473327637
2,3043,Full,24,1,-1.7405016422271729,2.433424234390259
2,3043,Full,25,1,-1.7377841472625732,2.4360451698303223
2,3043,Full,26,1,-1.7350780963897705,2.438485860824585
2,3043,Full,27,1,-1.7323999404907227,2.440729856491089
2,3043,Full,28,1,-1.7297848463058472,2.4428577423095703
2,3043,Full,29,1,-1.7272616624832153,2.444978952407837
2,3043,BiLNN,0,1,-1.7754185199737549,2.385310173034668
2,3043,BiLNN,1,1,-1.7752909660339355,2.385481357574463
2,3043,BiLNN,2,1,-1.775010347366333,2.3858299255371094
2,3043,BiLNN,3,0,-1.7745646238327026,2.3863680362701416
2,3043,BiLNN,4,1,-1.773958444595337,2.3871068954467773
2,3043,BiLNN,5,1,-1.773207187652588,2.388050079345703
2,3043,BiLNN,6,0,-1.7723307609558105,2.3891961574554443
2,3043,BiLNN,7,1,-1.7713631391525269,2.3905282020568848
2,3043,BiLNN,8,1,-1.7703514099121094,2.3920164108276367
2,3043,BiLNN,9,1,-1.7693361043930054,2.393625497817993
2,3043,BiLNN,10,1,-1.7683475017547607,2.3953258991241455
2,3043,BiLNN,11,1,-1.76740300655365,2.3971147537231445
2,3043,BiLNN,12,1,-1.7664873600006104,2.3990070819854736
2,3043,BiLNN,13,1,-1.765555500984192,2.4010140895843506
2,3043,BiLNN,14,1,-1.764545202255249,2.4031457901000977
2,3043,BiLNN,15,1,-1.7633880376815796,2.4054112434387207
2,3043,BiLNN,16,0,-1.7620160579681396,2.4078128337860107
2,3043,BiLNN,17,1,-1.7603741884231567,2.41034197807312
2,3043,BiLNN,18,1,-1.7584383487701416,2.4129750728607178
2,3043,BiLNN,19,1,-1.756222128868103,2.4156720638275146
2,3043,BiLNN,20,1,-1.7537835836410522,2.4183883666992188
2,3043,BiLNN,21,1,-1.7512089014053345,2.4210963249206543
2,3043,BiLNN,22,1,-1.745786428451538,2.4264636039733887
2,3043,BiLNN,23,1,-1.7430462837219238,2.4291493892669678
2,3043,BiLNN,24,1,-1.7402970790863037,2.4318153858184814
2,3043,BiLNN,25,1,-1.7375507354736328,2.4343831539154053
2,3043,BiLNN,26,1,-1.7348135709762573,2.4367637634277344
2,3043,BiLNN,27,1,-1.7321001291275024,2.4389421939849854
2,3043,BiLNN,28,1,-1.7294621467590332,2.44100022315979
2,3043,BiLNN,29,1,-1.7269421815872192,2.4430391788482666
2,3043,BiLSTM,0,1,-1.7754185199737549,2.385310173034668
2,3043,BiLSTM,1,1,-1.7752647399902344,2.3854918479919434
2,3043,BiLSTM,2,1,-1.7749557495117188,2.3858509063720703
2,3043,BiLSTM,3,0,-1.774483561515808,2.38639497756958
2,3043,BiLSTM,4,1,-1.7738533020019531,2.3871359825134277
2,3043,BiLSTM,5,1,-1.7730813026428223,2.3880767822265625
2,3043,BiLSTM,6,0,-1.7721843719482422,2.389216184616089
2,3043,BiLSTM,7,1,-1.7711949348449707,2.3905375003814697
2,3043,BiLSTM,8,1,-1.7701594829559326,2.392008066177368
2,3043,BiLSTM,9,1,-1.7691165208816528,2.3935961723327637
2,3043,BiLSTM,10,1,-1.7680962085723877,2.3952760696411133
2,3043,BiLSTM,11,1,-1.7671167850494385,2.3970422744750977
2,3043,BiLSTM,12,1,-1.7661619186401367,2.398908853530884
2,3043,BiLSTM,13,1,-1.76518714427948,2.4008877277374268
2,3043,BiLSTM,14,1,-1.7641334533691406,2.402986764907837
2,3043,BiLSTM,15,1,-1.7629313468933105,2.4052138328552246
2,3043,BiLSTM,16,0,-1.7615132331848145,2.4075725078582764
2,3043,BiLSTM,17,1,-1.7598276138305664,2.410053014755249
2,3043,BiLSTM,18,1,-1.7578500509262085,2.412632703781128
2,3043,BiLSTM,19,1,-1.7555952072143555,2.4152798652648926
2,3043,BiLSTM,20,1,-1.7531213760375977,2.4179580211639404
2,3043,BiLSTM,21,1,-1.7505134344100952,2.420633316040039
2,3043,BiLSTM,22,1,-1.7450339794158936,2.425950527191162
2,3043,BiLSTM,23,1,-1.742268443107605,2.4286155700683594
2,3043,BiLSTM,24,1,-1.7394988536834717,2.4312567710876465
2,3043,BiLSTM,25,1,-1.7367353439331055,2.4337990283966064
2,3043,BiLSTM,26,1,-1.7339786291122437,2.4361581802368164
2,3043,BiLSTM,27,1,-1.7312438488006592,2.4383270740509033
2,3043,BiLSTM,28,1,-1.7285746335983276,2.44038987159729
2,3043,BiLSTM,29,1,-1.7260115146636963,2.442403793334961
2,3043,Hybrid,0,1,-1.7754185199737549,2.385310173034668
2,3043,Hybrid,1,1,-1.7752741575241089,2.3854711055755615
2,3043,Hybrid,2,1,-1.7749903202056885,2.385805130004883
2,3043,Hybrid,3,0,-1.7745596170425415,2.3863236904144287
2,3043,Hybrid,4,1,-1.7739675045013428,2.387040138244629
2,3043,Hybrid,5,1,-1.7732281684875488,2.3879590034484863
2,3043,Hybrid,6,0,-1.7723649740219116,2.3890790939331055
2,3043,Hybrid,7,1,-1.77141273021698,2.3903820514678955
2,3043,Hybrid,8,1,-1.7704161405563354,2.3918380737304688
2,3043,Hybrid,9,1,-1.7694154977798462,2.3934144973754883
2,3043,Hybrid,10,1,-1.7684557437896729,2.3950774669647217
2,3043,Hybrid,11,1,-1.767563819885254,2.396821975708008
2,3043,Hybrid,12,1,-1.7667227983474731,2.3986668586730957
2,3043,Hybrid,13,1,-1.7658876180648804,2.4006271362304688
2,3043,Hybrid,14,1,-1.7649840116500854,2.4027116298675537
2,3043,Hybrid,15,1,-1.7639386653900146,2.4049289226531982
2,3043,Hybrid,16,0,-1.7626841068267822,2.4072818756103516
2,3043,Hybrid,17,1,-1.7611562013626099,2.4097628593444824
2,3043,Hybrid,18,1,-1.7593268156051636,2.4123482704162598
2,3043,Hybrid,19,1,-1.7572126388549805,2.41499662399292
2,3043,Hybrid,20,1,-1.7548736333847046,2.417670249938965
2,3043,Hybrid,21,1,-1.7524032592773438,2.4203479290008545
2,3043,Hybrid,22,1,-1.7471925020217896,2.42567777633667
2,3043,Hybrid,23,1,-1.7445709705352783,2.4283478260040283
2,3043,Hybrid,24,1,-1.741959571838379,2.431009531021118
2,3043,Hybrid,25,1,-1.7393488883972168,2.433584690093994
2,3043,Hybrid,26,1,-1.7367480993270874,2.4359688758850098
2,3043,Hybrid,27,1,-1.734175682067871,2.43815016746521
2,3043,Hybrid,28,1,-1.7317047119140625,2.440211057662964
2,3043,Hybrid,29,1,-1.7293674945831299,2.442244291305542
2,3043,GT,0,1,-1.7754185199737549,2.385310173034668
2,3043,GT,1,1,-1.7754185199737549,2.385310173034668
2,3043,GT,2,1,-1.7754185199737549,2.385310173034668
2,3043,GT,3,0,-1.7754185199737549,2.385310173034668
2,3043,GT,4,1,-1.7754185199737549,2.385310173034668
2,3043,GT,5,1,-1.7754185199737549,2.385310173034668
2,3043,GT,6,0,-1.7754185199737549,2.385310173034668
2,3043,GT,7,1,-1.7754185199737549,2.385310173034668
2,3043,GT,8,1,-1.7754185199737549,2.385310173034668
2,3043,GT,9,1,-1.7754185199737549,2.385310173034668
2,3043,GT,10,1,-1.7754185199737549,2.385310173034668
2,3043,GT,11,1,-1.7754185199737549,2.385310173034668
2,3043,GT,12,1,-1.7754185199737549,2.385310173034668
2,3043,GT,13,1,-1.7754185199737549,2.385310173034668
2,3043,GT,14,1,-1.7754185199737549,2.385310173034668
2,3043,GT,15,1,-1.7754185199737549,2.385310173034668
2,3043,GT,16,0,-1.7754185199737549,2.385310173034668
2,3043,GT,17,1,-1.7754185199737549,2.385310173034668
2,3043,GT,18,1,-1.7754185199737549,2.385310173034668
2,3043,GT,19,1,-1.7754185199737549,2.385310173034668
2,3043,GT,20,1,-1.7754185199737549,2.385310173034668
2,3043,GT,21,1,-1.7754185199737549,2.385310173034668
2,3043,GT,22,1,-1.7754185199737549,2.385310173034668
2,3043,GT,23,1,-1.7754185199737549,2.385310173034668
2,3043,GT,24,1,-1.7754185199737549,2.385310173034668
2,3043,GT,25,1,-1.7754185199737549,2.385310173034668
2,3043,GT,26,1,-1.7754185199737549,2.385310173034668
2,3043,GT,27,1,-1.7754185199737549,2.385310173034668
2,3043,GT,28,1,-1.7754185199737549,2.385310173034668
2,3043,GT,29,1,-1.7754185199737549,2.385310173034668
3,6086,Full,0,1,-1.5184509754180908,2.3821518421173096
3,6086,Full,1,1,-1.518346905708313,2.382411003112793
3,6086,Full,2,1,-1.5180206298828125,2.3829102516174316
3,6086,Full,3,1,-1.5174274444580078,2.3835930824279785
3,6086,Full,4,1,-1.516602635383606,2.384417772293091
3,6086,Full,5,0,-1.5156428813934326,2.385370969772339
3,6086,Full,6,1,-1.5146621465682983,2.386460304260254
3,6086,Full,7,1,-1.5137752294540405,2.3877151012420654
3,6086,Full,8,1,-1.5130717754364014,2.389160394668579
3,6086,Full,9,0,-1.512585163116455,2.3907554149627686
3,6086,Full,10,1,-1.5122977495193481,2.3924343585968018
3,6086,Full,11,0,-1.5121487379074097,2.3941736221313477
3,6086,Full,12,1,-1.5120586156845093,2.3959715366363525
3,6086,Full,13,1,-1.5119743347167969,2.3978469371795654
3,6086,Full,14,1,-1.5118674039840698,2.399844169616699
3,6086,Full,15,1,-1.5117201805114746,2.4020214080810547
3,6086,Full,16,1,-1.5115224123001099,2.404433488845825
3,6086,Full,17,1,-1.51124906539917,2.4071168899536133
3,6086,Full,18,0,-1.5108692646026611,2.410076856613159
3,6086,Full,19,1,-1.5103545188903809,2.4132802486419678
3,6086,Full,20,1,-1.5096778869628906,2.4166829586029053
3,6086,Full,21,1,-1.5088200569152832,2.4202518463134766
3,6086,Full,22,1,-1.5077732801437378,2.423952102661133
3,6086,Full,23,1,-1.5065300464630127,2.4277472496032715
3,6086,Full,24,1,-1.5050843954086304,2.4316141605377197
3,6086,Full,25,1,-1.5034490823745728,2.4355385303497314
3,6086,Full,26,1,-1.501646876335144,2.4395060539245605
3,6086,Full,27,1,-1.4996943473815918,2.443507671356201
3,6086,Full,28,1,-1.4975942373275757,2.447544574737549
3,6086,Full,29,1,-1.4953311681747437,2.4516239166259766
3,6086,BiLNN,0,1,-1.5184509754180908,2.3821518421173096
3,6086,BiLNN,1,1,-1.5182939767837524,2.382418394088745
3,6086,BiLNN,2,1,-1.5179306268692017,2.3829221725463867
3,6086,BiLNN,3,1,-1.5173105001449585,2.3836183547973633
3,6086,BiLNN,4,1,-1.5164501667022705,2.3844571113586426
3,6086,BiLNN,5,0,-1.5154483318328857,2.3854126930236816
3,6086,BiLNN,6,1,-1.5144274234771729,2.386504650115967
3,6086,BiLNN,7,1,-1.5135068893432617,2.3877665996551514
3,6086,BiLNN,8,1,-1.512769103050232,2.389216184616089
3,6086,BiLNN,9,0,-1.5122517347335815,2.390817880630493
3,6086,BiLNN,10,1,-1.5119458436965942,2.3925063610076904
3,6086,BiLNN,11,0,-1.5117812156677246,2.394237756729126
3,6086,BiLNN,12,1,-1.5116738080978394,2.396013021469116
3,6086,BiLNN,13,1,-1.5115712881088257,2.3978638648986816
3,6086,BiLNN,14,1,-1.5114505290985107,2.3998358249664307
3,6086,BiLNN,15,1,-1.511294960975647,2.4019906520843506
3,6086,BiLNN,16,1,-1.5110903978347778,2.404386520385742
3,6086,BiLNN,17,1,-1.5108121633529663,2.4070615768432617
3,6086,BiLNN,18,0,-1.510428547859192,2.4100241661071777
3,6086,BiLNN,19,1,-1.5099115371704102,2.413245439529419
3,6086,BiLNN,20,1,-1.5092339515686035,2.4166836738586426
3,6086,BiLNN,21,1,-1.5083765983581543,2.4202933311462402
3,6086,BiLNN,22,1,-1.507331371307373,2.424032688140869
3,6086,BiLNN,23,1,-1.506089210510254,2.427870988845825
3,6086,BiLNN,24,1,-1.5046440362930298,2.4317851066589355
3,6086,BiLNN,25,1,-1.503008484840393,2.4357588291168213
3,6086,BiLNN,26,1,-1.5012017488479614,2.439774751663208
3,6086,BiLNN,27,1,-1.4992411136627197,2.4438233375549316
3,6086,BiLNN,28,1,-1.4971318244934082,2.447906970977783
3,6086,BiLNN,29,1,-1.4948612451553345,2.452038526535034
3,6086,BiLSTM,0,1,-1.5184509754180908,2.3821518421173096
3,6086,BiLSTM,1,1,-1.51827073097229,2.382418632507324
3,6086,BiLSTM,2,1,-1.5178815126419067,2.382920026779175
3,6086,BiLSTM,3,1,-1.51723313331604,2.3836004734039307
3,6086,BiLSTM,4,1,-1.5163421630859375,2.384417772293091
3,6086,BiLSTM,5,0,-1.5153108835220337,2.38535475730896
3,6086,BiLSTM,6,1,-1.5142627954483032,2.3864243030548096
3,6086,BiLSTM,7,1,-1.5133229494094849,2.3876559734344482
3,6086,BiLSTM,8,1,-1.5125744342803955,2.3890819549560547
3,6086,BiLSTM,9,0,-1.5120489597320557,2.39066481590271
3,6086,BiLSTM,10,1,-1.5117337703704834,2.392336845397949
3,6086,BiLSTM,11,0,-1.5115572214126587,2.39406681060791
3,6086,BiLSTM,12,1,-1.51143217086792,2.395845651626587
3,6086,BiLSTM,13,1,-1.511304259300232,2.397700071334839
3,6086,BiLSTM,14,1,-1.5111535787582397,2.399674892425537
3,6086,BiLSTM,15,1,-1.510967493057251,2.401829957962036
3,6086,BiLSTM,16,1,-1.5107347965240479,2.4042234420776367
3,6086,BiLSTM,17,1,-1.510431170463562,2.4068920612335205
3,6086,BiLSTM,18,0,-1.5100221633911133,2.4098424911499023
3,6086,BiLSTM,19,1,-1.509477972984314,2.413048267364502
3,6086,BiLSTM,20,1,-1.5087698698043823,2.4164702892303467
3,6086,BiLSTM,21,1,-1.5078787803649902,2.4200634956359863
3,6086,BiLSTM,22,1,-1.506796956062317,2.4237842559814453
3,6086,BiLSTM,23,1,-1.505515456199646,2.4276015758514404
3,6086,BiLSTM,24,1,-1.504030704498291,2.4314918518066406
3,6086,BiLSTM,25,1,-1.5023552179336548,2.4354352951049805
3,6086,BiLSTM,26,1,-1.5005075931549072,2.439415454864502
3,6086,BiLSTM,27,1,-1.49850594997406,2.443422317504883
3,6086,BiLSTM,28,1,-1.4963563680648804,2.447460651397705
3,6086,BiLSTM,29,1,-1.4940428733825684,2.4515390396118164
3,6086,Hybrid,0,1,-1.5184509754180908,2.3821518421173096
3,6086,Hybrid,1,1,-1.5182998180389404,2.382436990737915
3,6086,Hybrid,2,1,-1.5179662704467773,2.3829686641693115
3,6086,Hybrid,3,1,-1.517379879951477,2.3836891651153564
3,6086,Hybrid,4,1,-1.5165537595748901,2.384550094604492
3,6086,Hybrid,5,0,-1.51559317111969,2.3855271339416504
3,6086,Hybrid,6,1,-1.514620065689087,2.386638641357422
3,6086,Hybrid,7,1,-1.5137853622436523,2.387922763824463
3,6086,Hybrid,8,1,-1.5131714344024658,2.3894009590148926
3,6086,Hybrid,9,0,-1.5127991437911987,2.391029119491577
3,6086,Hybrid,10,1,-1.5126608610153198,2.39274263381958
3,6086,Hybrid,11,0,-1.5126785039901733,2.3945062160491943
3,6086,Hybrid,12,1,-1.5127663612365723,2.3963088989257812
3,6086,Hybrid,13,1,-1.512858271598816,2.3981831073760986
3,6086,Hybrid,14,1,-1.5129300355911255,2.400175094604492
3,6086,Hybrid,15,1,-1.5129839181900024,2.402348518371582
3,6086,Hybrid,16,1,-1.513015627861023,2.4047677516937256
3,6086,Hybrid,17,1,-1.5129936933517456,2.407475233078003
3,6086,Hybrid,18,0,-1.512880563735962,2.41048002243042
3,6086,Hybrid,19,1,-1.5126392841339111,2.413743495941162
3,6086,Hybrid,20,1,-1.512242317199707,2.417224884033203
3,6086,Hybrid,21,1,-1.5116710662841797,2.4208834171295166
3,6086,Hybrid,22,1,-1.5109106302261353,2.4246726036071777
3,6086,Hybrid,23,1,-1.509951114654541,2.428560256958008
3,6086,Hybrid,24,1,-1.5087882280349731,2.4325225353240967
3,6086,Hybrid,25,1,-1.507431983947754,2.4365427494049072
3,6086,Hybrid,26,1,-1.50590181350708,2.440606117248535
3,6086,Hybrid,27,1,-1.504238247871399,2.444701910018921
3,6086,Hybrid,28,1,-1.5024566650390625,2.448835849761963
3,6086,Hybrid,29,1,-1.5005344152450562,2.453016996383667
3,6086,GT,0,1,-1.5184509754180908,2.3821518421173096
3,6086,GT,1,1,-1.5184509754180908,2.3821518421173096
3,6086,GT,2,1,-1.5184509754180908,2.3821518421173096
3,6086,GT,3,1,-1.5184509754180908,2.3821518421173096
3,6086,GT,4,1,-1.5184509754180908,2.3821518421173096
3,6086,GT,5,0,-1.5184509754180908,2.3821518421173096
3,6086,GT,6,1,-1.5184509754180908,2.3821518421173096
3,6086,GT,7,1,-1.5184509754180908,2.3821518421173096
3,6086,GT,8,1,-1.5184509754180908,2.3821518421173096
3,6086,GT,9,0,-1.5184509754180908,2.3821518421173096
3,6086,GT,10,1,-1.5184509754180908,2.3821518421173096
3,6086,GT,11,0,-1.5184509754180908,2.3821518421173096
3,6086,GT,12,1,-1.5184509754180908,2.3821518421173096
3,6086,GT,13,1,-1.5184509754180908,2.3821518421173096
3,6086,GT,14,1,-1.5184509754180908,2.3821518421173096
3,6086,GT,15,1,-1.5184509754180908,2.3821518421173096
3,6086,GT,16,1,-1.5184509754180908,2.3821518421173096
3,6086,GT,17,1,-1.5184509754180908,2.3821518421173096
3,6086,GT,18,0,-1.5184509754180908,2.3821518421173096
3,6086,GT,19,1,-1.5184509754180908,2.3821518421173096
3,6086,GT,20,1,-1.5184509754180908,2.3821518421173096
3,6086,GT,21,1,-1.5184509754180908,2.3821518421173096
3,6086,GT,22,1,-1.5184509754180908,2.3821518421173096
3,6086,GT,23,1,-1.5184509754180908,2.3821518421173096
3,6086,GT,24,1,-1.5184509754180908,2.3821518421173096
3,6086,GT,25,1,-1.5184509754180908,2.3821518421173096
3,6086,GT,26,1,-1.5184509754180908,2.3821518421173096
3,6086,GT,27,1,-1.5184509754180908,2.3821518421173096
3,6086,GT,28,1,-1.5184509754180908,2.3821518421173096
3,6086,GT,29,1,-1.5184509754180908,2.3821518421173096
4,9129,Full,0,1,-1.4830721616744995,2.533705711364746
4,9129,Full,1,1,-1.4831304550170898,2.5337252616882324
4,9129,Full,2,1,-1.483243703842163,2.5337653160095215
4,9129,Full,3,1,-1.4834346771240234,2.533813714981079
4,9129,Full,4,1,-1.483752727508545,2.5338521003723145
4,9129,Full,5,1,-1.4842737913131714,2.533871650695801
4,9129,Full,6,1,-1.4850971698760986,2.533881664276123
4,9129,Full,7,1,-1.4863260984420776,2.533905029296875
4,9129,Full,8,1,-1.4880280494689941,2.533968925476074
4,9129,Full,9,1,-1.4901784658432007,2.534092903137207
4,9129,Full,10,1,-1.492628812789917,2.5342905521392822
4,9129,Full,11,1,-1.4951623678207397,2.5345723628997803
4,9129,Full,12,1,-1.4975708723068237,2.5349278450012207
4,9129,Full,13,1,-1.4996843338012695,2.5353128910064697
4,9129,Full,14,1,-1.5013797283172607,2.535665988922119
4,9129,Full,15,1,-1.5025771856307983,2.5359344482421875
4,9129,Full,16,1,-1.5032440423965454,2.536085367202759
4,9129,Full,17,1,-1.5034009218215942,2.536099910736084
4,9129,Full,18,1,-1.5031214952468872,2.535966157913208
4,9129,Full,19,1,-1.5025203227996826,2.535679817199707
4,9129,Full,20,1,-1.5017279386520386,2.5352535247802734
4,9129,Full,21,1,-1.5008735656738281,2.5347189903259277
4,9129,Full,22,0,-1.5000771284103394,2.5341174602508545
4,9129,Full,23,1,-1.499441146850586,2.533491373062134
4,9129,Full,24,1,-1.4990315437316895,2.532884359359741
4,9129,Full,25,0,-1.4988510608673096,2.5323362350463867
4,9129,Full,26,1,-1.49883234500885,2.5318665504455566
4,9129,Full,27,1,-1.4988795518875122,2.5314629077911377
4,9129,Full,28,1,-1.4989088773727417,2.531081199645996
4,9129,Full,29,1,-1.4988566637039185,2.5306622982025146
4,9129,BiLNN,0,1,-1.4830721616744995,2.533705711364746
4,9129,BiLNN,1,1,-1.483134150505066,2.5337250232696533
4,9129,BiLNN,2,1,-1.4832514524459839,2.5337655544281006
4,9129,BiLNN,3,1,-1.483437418937683,2.5338149070739746
4,9129,BiLNN,4,1,-1.4837268590927124,2.5338501930236816
4,9129,BiLNN,5,1,-1.4842075109481812,2.5338616371154785
4,9129,BiLNN,6,1,-1.4850143194198608,2.5338618755340576
4,9129,BiLNN,7,1,-1.4862315654754639,2.5338759422302246
4,9129,BiLNN,8,1,-1.4879084825515747,2.5339388847351074
4,9129,BiLNN,9,1,-1.4900795221328735,2.5340797901153564
4,9129,BiLNN,10,1,-1.4926425218582153,2.5343198776245117
4,9129,BiLNN,11,1,-1.4953678846359253,2.534656524658203
4,9129,BiLNN,12,1,-1.497994065284729,2.5350568294525146
4,9129,BiLNN,13,1,-1.5003126859664917,2.5354788303375244
4,9129,BiLNN,14,1,-1.5022034645080566,2.535869598388672
4,9129,BiLNN,15,1,-1.5035821199417114,2.5361738204956055
4,9129,BiLNN,16,1,-1.5044159889221191,2.5363569259643555
4,9129,BiLNN,17,1,-1.504719614982605,2.5364022254943848
4,9129,BiLNN,18,1,-1.504569172859192,2.5362961292266846
4,9129,BiLNN,19,1,-1.5040881633758545,2.536038398742676
4,9129,BiLNN,20,1,-1.5033974647521973,2.535639762878418
4,9129,BiLNN,21,1,-1.502638578414917,2.5351297855377197
4,9129,BiLNN,22,0,-1.5019440650939941,2.534552574157715
4,9129,BiLNN,23,1,-1.5014264583587646,2.533950090408325
4,9129,BiLNN,24,1,-1.501163363456726,2.533369541168213
4,9129,BiLNN,25,0,-1.501152515411377,2.5328545570373535
4,9129,BiLNN,26,1,-1.5013153553009033,2.53242564201355
4,9129,BiLNN,27,1,-1.5015537738800049,2.5320687294006348
4,9129,BiLNN,28,1,-1.5017642974853516,2.531731128692627
4,9129,BiLNN,29,1,-1.5018703937530518,2.531346321105957
4,9129,BiLSTM,0,1,-1.4830721616744995,2.533705711364746
4,9129,BiLSTM,1,1,-1.4831371307373047,2.5337252616882324
4,9129,BiLSTM,2,1,-1.4832535982131958,2.5337674617767334
4,9129,BiLSTM,3,1,-1.4834380149841309,2.533818483352661
4,9129,BiLSTM,4,1,-1.483737826347351,2.533855676651001
4,9129,BiLSTM,5,1,-1.4842387437820435,2.53387188911438
4,9129,BiLSTM,6,1,-1.4850847721099854,2.5338754653930664
4,9129,BiLSTM,7,1,-1.4863797426223755,2.533888101577759
4,9129,BiLSTM,8,1,-1.4881513118743896,2.533942937850952
4,9129,BiLSTM,9,1,-1.490386962890625,2.5340747833251953
4,9129,BiLSTM,10,1,-1.4929660558700562,2.5343003273010254
4,9129,BiLSTM,11,1,-1.495665431022644,2.5346076488494873
4,9129,BiLSTM,12,1,-1.4982357025146484,2.53497052192688
4,9129,BiLSTM,13,1,-1.5004863739013672,2.5353543758392334
4,9129,BiLSTM,14,1,-1.502295970916748,2.5357069969177246
4,9129,BiLSTM,15,1,-1.5035799741744995,2.5359714031219482
4,9129,BiLSTM,16,1,-1.504310131072998,2.5361132621765137
4,9129,BiLSTM,17,1,-1.5045052766799927,2.536114454269409
4,9129,BiLSTM,18,1,-1.504238247871399,2.5359649658203125
4,9129,BiLSTM,19,1,-1.5036334991455078,2.5356650352478027
4,9129,BiLSTM,20,1,-1.5028265714645386,2.5352253913879395
4,9129,BiLSTM,21,1,-1.5019549131393433,2.5346710681915283
4,9129,BiLSTM,22,0,-1.5011471509933472,2.5340449810028076
4,9129,BiLSTM,23,1,-1.50051748752594,2.5333924293518066
4,9129,BiLSTM,24,1,-1.5001368522644043,2.5327606201171875
4,9129,BiLSTM,25,0,-1.4999992847442627,2.5321929454803467
4,9129,BiLSTM,26,1,-1.500053882598877,2.5317130088806152
4,9129,BiLSTM,27,1,-1.5002357959747314,2.5313096046447754
4,9129,BiLSTM,28,1,-1.5004693269729614,2.5309317111968994
4,9129,BiLSTM,29,1,-1.5006847381591797,2.5305099487304688
4,9129,Hybrid,0,1,-1.4830721616744995,2.533705711364746
4,9129,Hybrid,1,1,-1.4831407070159912,2.533724546432495
4,9129,Hybrid,2,1,-1.4832749366760254,2.533768892288208
4,9129,Hybrid,3,1,-1.4834654331207275,2.5338244438171387
4,9129,Hybrid,4,1,-1.4837497472763062,2.5338633060455322
4,9129,Hybrid,5,1,-1.4842315912246704,2.5338797569274902
4,9129,Hybrid,6,1,-1.4850869178771973,2.533885955810547
4,9129,Hybrid,7,1,-1.4864256381988525,2.5339033603668213
4,9129,Hybrid,8,1,-1.4882893562316895,2.5339720249176025
4,9129,Hybrid,9,1,-1.4907114505767822,2.534116506576538
4,9129,Hybrid,10,1,-1.4935781955718994,2.5343546867370605
4,9129,Hybrid,11,1,-1.4967087507247925,2.534687042236328
4,9129,Hybrid,12,1,-1.4998263120651245,2.5350825786590576
4,9129,Hybrid,13,1,-1.502642273902893,2.535508632659912
4,9129,Hybrid,14,1,-1.5050132274627686,2.5359079837799072
4,9129,Hybrid,15,1,-1.5068409442901611,2.5362131595611572
4,9129,Hybrid,16,1,-1.5080994367599487,2.5363874435424805
4,9129,Hybrid,17,1,-1.5088014602661133,2.5364201068878174
4,9129,Hybrid,18,1,-1.5090141296386719,2.5362980365753174
4,9129,Hybrid,19,1,-1.5088820457458496,2.5360186100006104
4,9129,Hybrid,20,1,-1.5085395574569702,2.535597801208496
4,9129,Hybrid,21,1,-1.5081369876861572,2.535064458847046
4,9129,Hybrid,22,0,-1.5078175067901611,2.5344605445861816
4,9129,Hybrid,23,1,-1.5076990127563477,2.533830165863037
4,9129,Hybrid,24,1,-1.5078685283660889,2.533221483230591
4,9129,Hybrid,25,0,-1.5083314180374146,2.532677173614502
4,9129,Hybrid,26,1,-1.5089987516403198,2.5322208404541016
4,9129,Hybrid,27,1,-1.5097473859786987,2.5318381786346436
4,9129,Hybrid,28,1,-1.510473370552063,2.53147554397583
4,9129,Hybrid,29,1,-1.511104702949524,2.531064987182617
4,9129,GT,0,1,-1.4830721616744995,2.533705711364746
4,9129,GT,1,1,-1.4830721616744995,2.533705711364746
4,9129,GT,2,1,-1.4830721616744995,2.533705711364746
4,9129,GT,3,1,-1.4830721616744995,2.533705711364746
4,9129,GT,4,1,-1.4830721616744995,2.533705711364746
4,9129,GT,5,1,-1.4830721616744995,2.533705711364746
4,9129,GT,6,1,-1.4830721616744995,2.533705711364746
4,9129,GT,7,1,-1.4830721616744995,2.533705711364746
4,9129,GT,8,1,-1.4830721616744995,2.533705711364746
4,9129,GT,9,1,-1.4830721616744995,2.533705711364746
4,9129,GT,10,1,-1.4830721616744995,2.533705711364746
4,9129,GT,11,1,-1.4830721616744995,2.533705711364746
4,9129,GT,12,1,-1.4830721616744995,2.533705711364746
4,9129,GT,13,1,-1.4830721616744995,2.533705711364746
4,9129,GT,14,1,-1.4830721616744995,2.533705711364746
4,9129,GT,15,1,-1.4830721616744995,2.533705711364746
4,9129,GT,16,1,-1.4830721616744995,2.533705711364746
4,9129,GT,17,1,-1.4830721616744995,2.533705711364746
4,9129,GT,18,1,-1.4830721616744995,2.533705711364746
4,9129,GT,19,1,-1.4830721616744995,2.533705711364746
4,9129,GT,20,1,-1.4830721616744995,2.533705711364746
4,9129,GT,21,1,-1.4830721616744995,2.533705711364746
4,9129,GT,22,0,-1.4830721616744995,2.533705711364746
4,9129,GT,23,1,-1.4830721616744995,2.533705711364746
4,9129,GT,24,1,-1.4830721616744995,2.533705711364746
4,9129,GT,25,0,-1.4830721616744995,2.533705711364746
4,9129,GT,26,1,-1.4830721616744995,2.533705711364746
4,9129,GT,27,1,-1.4830721616744995,2.533705711364746
4,9129,GT,28,1,-1.4830721616744995,2.533705711364746
4,9129,GT,29,1,-1.4830721616744995,2.533705711364746
5,12172,Full,0,1,-1.2572215795516968,2.4719908237457275
5,12172,Full,1,1,-1.2572054862976074,2.472005605697632
5,12172,Full,2,1,-1.2571605443954468,2.472031831741333
5,12172,Full,3,1,-1.257083773612976,2.4720680713653564
5,12172,Full,4,1,-1.256976842880249,2.4721102714538574
5,12172,Full,5,1,-1.2568410634994507,2.4721519947052
5,12172,Full,6,1,-1.2566747665405273,2.472184896469116
5,12172,Full,7,1,-1.2564772367477417,2.472196578979492
5,12172,Full,8,1,-1.2562505006790161,2.4721782207489014
5,12172,Full,9,1,-1.2559983730316162,2.4721310138702393
5,12172,Full,10,1,-1.2557272911071777,2.4720616340637207
5,12172,Full,11,1,-1.25544273853302,2.4719743728637695
5,12172,Full,12,1,-1.2551454305648804,2.4718756675720215
5,12172,Full,13,1,-1.2548317909240723,2.471773862838745
5,12172,Full,14,1,-1.2544978857040405,2.471672296524048
5,12172,Full,15,1,-1.2541393041610718,2.471574306488037
5,12172,Full,16,1,-1.2537531852722168,2.4714815616607666
5,12172,Full,17,1,-1.253343105316162,2.471385955810547
5,12172,Full,18,1,-1.252916693687439,2.4712743759155273
5,12172,Full,19,1,-1.2524816989898682,2.4711413383483887
5,12172,Full,20,1,-1.2520478963851929,2.47098970413208
5,12172,Full,21,1,-1.251621127128601,2.4708290100097656
5,12172,Full,22,1,-1.2512001991271973,2.4706835746765137
5,12172,Full,23,1,-1.2507879734039307,2.4706122875213623
5,12172,Full,24,1,-1.2503845691680908,2.4706382751464844
5,12172,Full,25,1,-1.2499750852584839,2.4707114696502686
5,12172,Full,26,1,-1.2495503425598145,2.4707696437835693
5,12172,Full,27,1,-1.2491157054901123,2.470777988433838
5,12172,Full,28,0,-1.248685359954834,2.4707372188568115
5,12172,Full,29,1,-1.2482845783233643,2.4706637859344482
5,12172,BiLNN,0,1,-1.2572215795516968,2.4719908237457275
5,12172,BiLNN,1,1,-1.2571988105773926,2.4720044136047363
5,12172,BiLNN,2,1,-1.2571496963500977,2.472028970718384
5,12172,BiLNN,3,1,-1.2570676803588867,2.4720633029937744
5,12172,BiLNN,4,1,-1.2569540739059448,2.4721028804779053
5,12172,BiLNN,5,1,-1.2568105459213257,2.4721384048461914
5,12172,BiLNN,6,1,-1.2566357851028442,2.4721591472625732
5,12172,BiLNN,7,1,-1.256429672241211,2.472156286239624
5,12172,BiLNN,8,1,-1.2561941146850586,2.472126007080078
5,12172,BiLNN,9,1,-1.2559324502944946,2.4720685482025146
5,12172,BiLNN,10,1,-1.2556509971618652,2.4719884395599365
5,12172,BiLNN,11,1,-1.255354642868042,2.471890449523926
5,12172,BiLNN,12,1,-1.25504469871521,2.4717817306518555
5,12172,BiLNN,13,1,-1.2547190189361572,2.471670627593994
5,12172,BiLNN,14,1,-1.2543736696243286,2.4715611934661865
5,12172,BiLNN,15,1,-1.2540037631988525,2.4714572429656982
5,12172,BiLNN,16,1,-1.253605604171753,2.47135853767395
5,12172,BiLNN,17,1,-1.2531826496124268,2.471259355545044
5,12172,BiLNN,18,1,-1.2527424097061157,2.4711499214172363
5,12172,BiLNN,19,1,-1.2522937059402466,2.471024990081787
5,12172,BiLNN,20,1,-1.251846194267273,2.4708807468414307
5,12172,BiLNN,21,1,-1.2514078617095947,2.470721483230591
5,12172,BiLNN,22,1,-1.2509784698486328,2.470578908920288
5,12172,BiLNN,23,1,-1.2505568265914917,2.470515489578247
5,12172,BiLNN,24,1,-1.2501404285430908,2.470562696456909
5,12172,BiLNN,25,1,-1.2497200965881348,2.4706649780273438
5,12172,BiLNN,26,1,-1.2492878437042236,2.470745801925659
5,12172,BiLNN,27,1,-1.248847484588623,2.4707741737365723
5,12172,BiLNN,28,0,-1.248415470123291,2.4707510471343994
5,12172,BiLNN,29,1,-1.2480149269104004,2.4706952571868896
5,12172,BiLSTM,0,1,-1.2572215795516968,2.4719908237457275
5,12172,BiLSTM,1,1,-1.2572119235992432,2.4720041751861572
5,12172,BiLSTM,2,1,-1.2571784257888794,2.472026824951172
5,12172,BiLSTM,3,1,-1.2571136951446533,2.472057342529297
5,12172,BiLSTM,4,1,-1.2570186853408813,2.4720911979675293
5,12172,BiLSTM,5,1,-1.256894826889038,2.4721200466156006
5,12172,BiLSTM,6,1,-1.2567415237426758,2.4721341133117676
5,12172,BiLSTM,7,1,-1.256557822227478,2.4721250534057617
5,12172,BiLSTM,8,1,-1.2563450336456299,2.4720852375030518
5,12172,BiLSTM,9,1,-1.256107211112976,2.4720146656036377
5,12172,BiLSTM,10,1,-1.255850911140442,2.4719200134277344
5,12172,BiLSTM,11,1,-1.2555807828903198,2.471806049346924
5,12172,BiLSTM,12,1,-1.2552982568740845,2.4716806411743164
5,12172,BiLSTM,13,1,-1.2550002336502075,2.471553087234497
5,12172,BiLSTM,14,1,-1.254680871963501,2.4714269638061523
5,12172,BiLSTM,15,1,-1.2543343305587769,2.4713058471679688
5,12172,BiLSTM,16,1,-1.2539571523666382,2.471189260482788
5,12172,BiLSTM,17,1,-1.2535529136657715,2.4710705280303955
5,12172,BiLSTM,18,1,-1.2531300783157349,2.4709417819976807
5,12172,BiLSTM,19,1,-1.2526988983154297,2.4707939624786377
5,12172,BiLSTM,20,1,-1.252271056175232,2.470623016357422
5,12172,BiLSTM,21,1,-1.2518539428710938,2.4704430103302
5,12172,BiLSTM,22,1,-1.2514457702636719,2.4702811241149902
5,12172,BiLSTM,23,1,-1.2510480880737305,2.4701972007751465
5,12172,BiLSTM,24,1,-1.2506613731384277,2.470217704772949
5,12172,BiLSTM,25,1,-1.2502758502960205,2.470290184020996
5,12172,BiLSTM,26,1,-1.2498805522918701,2.470345973968506
5,12172,BiLSTM,27,1,-1.249477505683899,2.470348596572876
5,12172,BiLSTM,28,0,-1.249080777168274,2.47029972076416
5,12172,BiLSTM,29,1,-1.2487125396728516,2.4702160358428955
5,12172,Hybrid,0,1,-1.2572215795516968,2.4719908237457275
5,12172,Hybrid,1,1,-1.2572077512741089,2.4720053672790527
5,12172,Hybrid,2,1,-1.2571697235107422,2.472031593322754
5,12172,Hybrid,3,1,-1.2571003437042236,2.472069501876831
5,12172,Hybrid,4,1,-1.2570003271102905,2.472114324569702
5,12172,Hybrid,5,1,-1.2568694353103638,2.472156524658203
5,12172,Hybrid,6,1,-1.2567028999328613,2.472186326980591
5,12172,Hybrid,7,1,-1.256499171257019,2.472193717956543
5,12172,Hybrid,8,1,-1.256263256072998,2.4721720218658447
5,12172,Hybrid,9,1,-1.2560025453567505,2.472121000289917
5,12172,Hybrid,10,1,-1.2557258605957031,2.472046136856079
5,12172,Hybrid,11,1,-1.2554376125335693,2.471952438354492
5,12172,Hybrid,12,1,-1.2551394701004028,2.47184681892395
5,12172,Hybrid,13,1,-1.254830002784729,2.471738338470459
5,12172,Hybrid,14,1,-1.2545043230056763,2.4716320037841797
5,12172,Hybrid,15,1,-1.2541574239730835,2.471531867980957
5,12172,Hybrid,16,1,-1.2537841796875,2.471437454223633
5,12172,Hybrid,17,1,-1.25338613986969,2.471341133117676
5,12172,Hybrid,18,1,-1.252970814704895,2.471234083175659
5,12172,Hybrid,19,1,-1.2525477409362793,2.471112012863159
5,12172,Hybrid,20,1,-1.2521275281906128,2.4709701538085938
5,12172,Hybrid,21,1,-1.2517187595367432,2.4708170890808105
5,12172,Hybrid,22,1,-1.2513178586959839,2.4706859588623047
5,12172,Hybrid,23,1,-1.2509269714355469,2.4706368446350098
5,12172,Hybrid,24,1,-1.250548005104065,2.470703125
5,12172,Hybrid,25,1,-1.2501689195632935,2.470827341079712
5,12172,Hybrid,26,1,-1.2497806549072266,2.4709277153015137
5,12172,Hybrid,27,1,-1.2493840456008911,2.470977306365967
5,12172,Hybrid,28,0,-1.2489943504333496,2.4709813594818115
5,12172,Hybrid,29,1,-1.2486389875411987,2.4709534645080566
5,12172,GT,0,1,-1.2572215795516968,2.4719908237457275
5,12172,GT,1,1,-1.2572215795516968,2.4719908237457275
5,12172,GT,2,1,-1.2572215795516968,2.4719908237457275
5,12172,GT,3,1,-1.2572215795516968,2.4719908237457275
5,12172,GT,4,1,-1.2572215795516968,2.4719908237457275
5,12172,GT,5,1,-1.2572215795516968,2.4719908237457275
5,12172,GT,6,1,-1.2572215795516968,2.4719908237457275
5,12172,GT,7,1,-1.2572215795516968,2.4719908237457275
5,12172,GT,8,1,-1.2572215795516968,2.4719908237457275
5,12172,GT,9,1,-1.2572215795516968,2.4719908237457275
5,12172,GT,10,1,-1.2572215795516968,2.4719908237457275
5,12172,GT,11,1,-1.2572215795516968,2.4719908237457275
5,12172,GT,12,1,-1.2572215795516968,2.4719908237457275
5,12172,GT,13,1,-1.2572215795516968,2.4719908237457275
5,12172,GT,14,1,-1.2572215795516968,2.4719908237457275
5,12172,GT,15,1,-1.2572215795516968,2.4719908237457275
5,12172,GT,16,1,-1.2572215795516968,2.4719908237457275
5,12172,GT,17,1,-1.2572215795516968,2.4719908237457275
5,12172,GT,18,1,-1.2572215795516968,2.4719908237457275
5,12172,GT,19,1,-1.2572215795516968,2.4719908237457275
5,12172,GT,20,1,-1.2572215795516968,2.4719908237457275
5,12172,GT,21,1,-1.2572215795516968,2.4719908237457275
5,12172,GT,22,1,-1.2572215795516968,2.4719908237457275
5,12172,GT,23,1,-1.2572215795516968,2.4719908237457275
5,12172,GT,24,1,-1.2572215795516968,2.4719908237457275
5,12172,GT,25,1,-1.2572215795516968,2.4719908237457275
5,12172,GT,26,1,-1.2572215795516968,2.4719908237457275
5,12172,GT,27,1,-1.2572215795516968,2.4719908237457275
5,12172,GT,28,0,-1.2572215795516968,2.4719908237457275
5,12172,GT,29,1,-1.2572215795516968,2.4719908237457275
