segment_id,sample_index,time_step,is_missing,gate_mean,lnn_bias,lstm_bias,gate_ch1,gate_ch2,gate_ch3,gate_ch4,gate_ch5,gate_ch6
1,0,0,1,0.10903867334127426,0.10903867334127426,0.8909613266587257,0.2786557376384735,0.025657542049884796,0.019351808354258537,0.04487178474664688,0.16330686211585999,0.1223883181810379
1,0,1,1,0.08003613352775574,0.08003613352775574,0.9199638664722443,0.22430461645126343,0.014079537242650986,0.010230112820863724,0.031143903732299805,0.08987679332494736,0.11058183759450912
1,0,2,1,0.04052997753024101,0.04052997753024101,0.959470022469759,0.056361474096775055,0.004115153569728136,0.0009591207490302622,0.01549878716468811,0.05552414804697037,0.1107211709022522
1,0,3,1,0.043260615319013596,0.043260615319013596,0.9567393846809864,0.06288682669401169,0.003950111102312803,0.0011969393817707896,0.014785817824304104,0.09452354907989502,0.08222043514251709
1,0,4,1,0.06218596175312996,0.06218596175312996,0.93781403824687,0.23798073828220367,0.004197860136628151,0.003858283394947648,0.014157277531921864,0.04354754090309143,0.06937409937381744
1,0,5,1,0.04337383434176445,0.04337383434176445,0.9566261656582355,0.17457044124603271,0.0013453093124553561,0.003781399456784129,0.011750667355954647,0.03601549193263054,0.03277970477938652
1,0,6,1,0.06597987562417984,0.06597987562417984,0.9340201243758202,0.18356451392173767,0.007124021649360657,0.004796789493411779,0.020706629380583763,0.09928897768259048,0.0803983137011528
1,0,7,1,0.03978801891207695,0.03978801891207695,0.960211981087923,0.16138261556625366,0.0012171922717243433,0.004660322330892086,0.013800925575196743,0.02568676508963108,0.03198029100894928
1,0,8,1,0.06474845856428146,0.06474845856428146,0.9352515414357185,0.17712759971618652,0.0072526768781244755,0.004907398484647274,0.021046755835413933,0.09936258941888809,0.07879369705915451
1,0,9,1,0.040411558002233505,0.040411558002233505,0.9595884419977665,0.16791734099388123,0.0011406613048166037,0.004028113558888435,0.01249564066529274,0.025312811136245728,0.0315747931599617
1,0,10,1,0.060692816972732544,0.060692816972732544,0.9393071830272675,0.16713768243789673,0.005971263162791729,0.005609959363937378,0.026960302144289017,0.08833775669336319,0.07013994455337524
1,0,11,1,0.06568223983049393,0.06568223983049393,0.9343177601695061,0.21131852269172668,0.0057696751318871975,0.004928210284560919,0.01800939440727234,0.08334844559431076,0.07071919739246368
1,0,12,1,0.025123247876763344,0.025123247876763344,0.9748767521232367,0.06805074959993362,0.0011135791428387165,0.0011228182120248675,0.011113238520920277,0.025547336786985397,0.043791770935058594
1,0,13,1,0.03298391029238701,0.03298391029238701,0.967016089707613,0.06830475479364395,0.0017311982810497284,0.0011479743989184499,0.010864670388400555,0.07222825288772583,0.04362661391496658
1,0,14,1,0.04155218228697777,0.04155218228697777,0.9584478177130222,0.07207794487476349,0.003719806671142578,0.0012412102660164237,0.015421820804476738,0.08212511986494064,0.07472718507051468
1,0,15,1,0.06955534964799881,0.06955534964799881,0.9304446503520012,0.21865764260292053,0.006975468713790178,0.005527507979422808,0.017715932801365852,0.09081130474805832,0.0776442363858223
1,0,16,1,0.04642057791352272,0.04642057791352272,0.9535794220864773,0.152887761592865,0.001988502684980631,0.004640338942408562,0.014836986549198627,0.07121187448501587,0.032958004623651505
1,0,17,1,0.06602650135755539,0.06602650135755539,0.9339734986424446,0.19873008131980896,0.007002299651503563,0.005642503034323454,0.021464642137289047,0.08352392166852951,0.07979556173086166
1,0,18,1,0.026329033076763153,0.026329033076763153,0.9736709669232368,0.04913725703954697,0.0009689992293715477,0.0006306388531811535,0.006829150021076202,0.06795718520879745,0.03245095536112785
1,0,19,1,0.034235671162605286,0.034235671162605286,0.9657643288373947,0.05968807637691498,0.002555828308686614,0.0009559154277667403,0.013052067719399929,0.0679238885641098,0.061238259077072144
1,0,20,1,0.06775059551000595,0.06775059551000595,0.932249404489994,0.21578562259674072,0.006550549995154142,0.005759844556450844,0.020308028906583786,0.08409261703491211,0.07400690764188766
1,0,21,1,0.04775500297546387,0.04775500297546387,0.9522449970245361,0.15394574403762817,0.0021102188620716333,0.005745469126850367,0.019101494923233986,0.07280788570642471,0.03281920775771141
1,0,22,1,0.06049621105194092,0.06049621105194092,0.9395037889480591,0.17334823310375214,0.005846256855875254,0.004876988474279642,0.021749673411250114,0.08609732240438461,0.07105877995491028
1,0,23,1,0.06680598855018616,0.06680598855018616,0.9331940114498138,0.184499129652977,0.007334718946367502,0.006591795012354851,0.02735954523086548,0.0995187759399414,0.0755319744348526
1,0,24,1,0.04368774592876434,0.04368774592876434,0.9563122540712357,0.1640627682209015,0.0016463708598166704,0.005665283650159836,0.017771489918231964,0.03865570202469826,0.03432484343647957
1,0,25,1,0.05495275929570198,0.05495275929570198,0.945047240704298,0.18756574392318726,0.004040982108563185,0.0036181043833494186,0.01474645547568798,0.04837817698717117,0.07136708498001099
1,0,26,0,0.06870385259389877,0.06870385259389877,0.9312961474061012,0.20696239173412323,0.006658200174570084,0.007297331467270851,0.023049496114253998,0.1012256070971489,0.06703010201454163
1,0,27,1,0.032742492854595184,0.032742492854595184,0.9672575071454048,0.05749666690826416,0.0011453578481450677,0.0007573997136205435,0.007329062558710575,0.09878920763731003,0.03093726374208927
1,0,28,1,0.05124311149120331,0.05124311149120331,0.9487568885087967,0.08541183173656464,0.007158015854656696,0.0018482095329090953,0.022425498813390732,0.07450292259454727,0.11611219495534897
1,0,29,1,0.08891943097114563,0.08891943097114563,0.9110805690288544,0.2788172662258148,0.012452103197574615,0.010061521083116531,0.026843950152397156,0.10568125545978546,0.09966051578521729
2,3043,0,1,0.10630732029676437,0.10630732029676437,0.8936926797032356,0.27880316972732544,0.023965708911418915,0.00989970937371254,0.025993587449193,0.14134560525417328,0.1578361541032791
2,3043,1,1,0.07594086974859238,0.07594086974859238,0.9240591302514076,0.22422944009304047,0.009754805825650692,0.00607777014374733,0.016730859875679016,0.09438905119895935,0.10446327179670334
2,3043,2,1,0.09384129196405411,0.09384129196405411,0.9061587080359459,0.2169128954410553,0.015735825523734093,0.0030120080336928368,0.013766583986580372,0.19065749645233154,0.12296292930841446
2,3043,3,0,0.06970099359750748,0.06970099359750748,0.9302990064024925,0.17907670140266418,0.009905819781124592,0.0046659111976623535,0.01821882277727127,0.09396011382341385,0.11237859725952148
2,3043,4,1,0.054290641099214554,0.054290641099214554,0.9457093589007854,0.1824130415916443,0.003989611752331257,0.004740315489470959,0.0141460495069623,0.04564483463764191,0.07481002062559128
2,3043,5,1,0.027369780465960503,0.027369780465960503,0.9726302195340395,0.04528611898422241,0.0015108255902305245,0.0004496468463912606,0.006181751377880573,0.04851224273443222,0.06227809190750122
2,3043,6,0,0.07418978214263916,0.07418978214263916,0.9258102178573608,0.20224429666996002,0.010125718079507351,0.004988516215234995,0.01963626965880394,0.09780321270227432,0.1103406697511673
2,3043,7,1,0.0444544292986393,0.0444544292986393,0.9555455707013607,0.18443886935710907,0.001324303331784904,0.0037283659912645817,0.010782654397189617,0.026305437088012695,0.04014696925878525
2,3043,8,1,0.03848293796181679,0.03848293796181679,0.9615170620381832,0.04538834095001221,0.003194558434188366,0.0004058361810166389,0.008760042488574982,0.08310069888830185,0.0900481715798378
2,3043,9,1,0.04349130392074585,0.04349130392074585,0.9565086960792542,0.1805841028690338,0.0013534853933379054,0.0029802618082612753,0.00923292525112629,0.028496379032731056,0.03830065578222275
2,3043,10,1,0.06035318970680237,0.06035318970680237,0.9396468102931976,0.17779776453971863,0.004909282550215721,0.00219873059540987,0.012654691934585571,0.09092451632022858,0.07363413274288177
2,3043,11,1,0.06108713150024414,0.06108713150024414,0.9389128684997559,0.17792710661888123,0.004993018228560686,0.0025430188979953527,0.013012421317398548,0.09608223289251328,0.07196496427059174
2,3043,12,1,0.035437699407339096,0.035437699407339096,0.9645623005926609,0.04496040195226669,0.0017076651565730572,0.0003622165531851351,0.007222991436719894,0.10706654191017151,0.051306385546922684
2,3043,13,1,0.05904865264892578,0.05904865264892578,0.9409513473510742,0.19432416558265686,0.0031296932138502598,0.0033752231393009424,0.011159335263073444,0.09224499762058258,0.050058525055646896
2,3043,14,1,0.0518755204975605,0.0518755204975605,0.9481244795024395,0.17317283153533936,0.003639754606410861,0.003250780748203397,0.013983144424855709,0.0341157428920269,0.0830908715724945
2,3043,15,1,0.06213763728737831,0.06213763728737831,0.9378623627126217,0.17063701152801514,0.005106080789119005,0.0038601900450885296,0.013968740589916706,0.1094006672501564,0.06985316425561905
2,3043,16,0,0.06410262733697891,0.06410262733697891,0.9358973726630211,0.18624314665794373,0.005977788474410772,0.005894300062209368,0.016852859407663345,0.09184929728507996,0.07779833674430847
2,3043,17,1,0.045664798468351364,0.045664798468351364,0.9543352015316486,0.05818115919828415,0.004569149110466242,0.0009500943124294281,0.009336217306554317,0.10348114371299744,0.09747102856636047
2,3043,18,1,0.07673130184412003,0.07673130184412003,0.92326869815588,0.20778492093086243,0.011293440125882626,0.006456420756876469,0.015827063471078873,0.10201768577098846,0.11700830608606339
2,3043,19,1,0.038976456969976425,0.038976456969976425,0.9610235430300236,0.056939877569675446,0.0034843594767153263,0.001129541895352304,0.008868965320289135,0.08388954401016235,0.07954646646976471
2,3043,20,1,0.06166732683777809,0.06166732683777809,0.9383326731622219,0.23583342134952545,0.003197962883859873,0.00468653766438365,0.007287314627319574,0.0684058889746666,0.05059284716844559
2,3043,21,1,0.04821668937802315,0.04821668937802315,0.9517833106219769,0.06310407817363739,0.005688228644430637,0.0009937003487721086,0.01350435521453619,0.09692323207855225,0.1090865358710289
2,3043,22,1,0.03048035316169262,0.03048035316169262,0.9695196468383074,0.07997182011604309,0.001634931773878634,0.0013969496358186007,0.01067301444709301,0.036463413387537,0.052741993218660355
2,3043,23,1,0.08872798085212708,0.08872798085212708,0.9112720191478729,0.2598760426044464,0.013536306098103523,0.00220773764885962,0.011060346849262714,0.11358097940683365,0.1321064978837967
2,3043,24,1,0.05660030245780945,0.05660030245780945,0.9433996975421906,0.20831912755966187,0.0032565025612711906,0.003434656886383891,0.01156260073184967,0.04751783236861229,0.06551110744476318
2,3043,25,1,0.045115094631910324,0.045115094631910324,0.9548849053680897,0.0534074530005455,0.0044682822190225124,0.0008068898459896445,0.010760871693491936,0.10464850068092346,0.0965985506772995
2,3043,26,1,0.07871368527412415,0.07871368527412415,0.9212863147258759,0.2445417046546936,0.009127132594585419,0.006045834627002478,0.013662854209542274,0.11153070628643036,0.08737383782863617
2,3043,27,1,0.06337439268827438,0.06337439268827438,0.9366256073117256,0.2393864244222641,0.003290865570306778,0.006513862870633602,0.011247895658016205,0.07696903496980667,0.04283829405903816
2,3043,28,1,0.08605804294347763,0.08605804294347763,0.9139419570565224,0.0592351034283638,0.014899194240570068,0.0006487116334028542,0.013830634765326977,0.2301170527935028,0.1976175606250763
2,3043,29,1,0.11505236476659775,0.11505236476659775,0.8849476352334023,0.32813549041748047,0.025519562885165215,0.00883243978023529,0.03384041786193848,0.11577103286981583,0.17821520566940308
3,6086,0,1,0.07940516620874405,0.07940516620874405,0.920594833791256,0.1524616926908493,0.01925305463373661,0.00282335770316422,0.036204587668180466,0.0910126343369484,0.17467567324638367
3,6086,1,1,0.08135225623846054,0.08135225623846054,0.9186477437615395,0.14104630053043365,0.012367192655801773,0.001824703300371766,0.01712636649608612,0.20752765238285065,0.10822127759456635
3,6086,2,1,0.049710314720869064,0.049710314720869064,0.9502896852791309,0.13336212933063507,0.005029499065130949,0.0030212753918021917,0.019556840881705284,0.05326074734330177,0.08403139561414719
3,6086,3,1,0.08143231272697449,0.08143231272697449,0.9185676872730255,0.31063538789749146,0.0051768384873867035,0.0068790363147854805,0.012982569634914398,0.0936032310128212,0.05931682884693146
3,6086,4,1,0.0694793164730072,0.0694793164730072,0.9305206835269928,0.2507422864437103,0.0054840343073010445,0.0037567736580967903,0.011232257820665836,0.06989254057407379,0.07576798647642136
3,6086,5,0,0.05870286747813225,0.05870286747813225,0.9412971325218678,0.20533861219882965,0.00374506670050323,0.00417057890444994,0.01455535925924778,0.07148101180791855,0.05292657017707825
3,6086,6,1,0.0333869569003582,0.0333869569003582,0.9666130430996418,0.07598458230495453,0.002497839741408825,0.0009385867160744965,0.015390179120004177,0.033063050359487534,0.07244750112295151
3,6086,7,1,0.04558481648564339,0.04558481648564339,0.9544151835143566,0.09329310059547424,0.0025915561709553003,0.0010634571081027389,0.01813652738928795,0.11395427584648132,0.04446997493505478
3,6086,8,1,0.0374697670340538,0.0374697670340538,0.9625302329659462,0.09129729866981506,0.002848248463124037,0.0009308280423283577,0.019947590306401253,0.03924757242202759,0.07054705917835236
3,6086,9,0,0.06887272745370865,0.06887272745370865,0.9311272725462914,0.24054186046123505,0.005357392597943544,0.0031882929615676403,0.016207637265324593,0.08388787508010864,0.06405329704284668
3,6086,10,1,0.029409656301140785,0.029409656301140785,0.9705903436988592,0.04858078435063362,0.0013332486851140857,0.0005421250243671238,0.007473599165678024,0.08210894465446472,0.03641923889517784
3,6086,11,0,0.07015831023454666,0.07015831023454666,0.9298416897654533,0.21899449825286865,0.007311995606869459,0.004593959543853998,0.015147372148931026,0.0996139720082283,0.07528804987668991
3,6086,12,1,0.058581095188856125,0.058581095188856125,0.9414189048111439,0.1808936595916748,0.004506948869675398,0.003592970548197627,0.01207753922790289,0.09039203077554703,0.060023434460163116
3,6086,13,1,0.025772249326109886,0.025772249326109886,0.9742277506738901,0.038041021674871445,0.0009396805544383824,0.00039490830386057496,0.004863003268837929,0.07726888358592987,0.033125992864370346
3,6086,14,1,0.05922931432723999,0.05922931432723999,0.94077068567276,0.2337515950202942,0.0035334324929863214,0.003978842403739691,0.010794674046337605,0.03238726407289505,0.07093005627393723
3,6086,15,1,0.04313332960009575,0.04313332960009575,0.9568666703999043,0.06271035224199295,0.003827602369710803,0.0007888027466833591,0.013697084039449692,0.10007916390895844,0.07769697159528732
3,6086,16,1,0.034990113228559494,0.034990113228559494,0.9650098867714405,0.08417486399412155,0.0016364814946427941,0.0013630377361550927,0.011995256878435612,0.07016080617904663,0.040610238909721375
3,6086,17,1,0.05280894413590431,0.05280894413590431,0.9471910558640957,0.08418312668800354,0.007146421354264021,0.0014226014027372003,0.019629115238785744,0.09368804842233658,0.1107843667268753
3,6086,18,0,0.07630325108766556,0.07630325108766556,0.9236967489123344,0.22572074830532074,0.01006157323718071,0.004810229409486055,0.020316107198596,0.09619470685720444,0.10071614384651184
3,6086,19,1,0.054747868329286575,0.054747868329286575,0.9452521316707134,0.20678763091564178,0.003083782969042659,0.004450791981071234,0.01275982428342104,0.03971616551280022,0.06168901175260544
3,6086,20,1,0.06006902456283569,0.06006902456283569,0.9399309754371643,0.18308132886886597,0.004072715062648058,0.005033409688621759,0.015732325613498688,0.0985153317451477,0.05397902429103851
3,6086,21,1,0.054494064301252365,0.054494064301252365,0.9455059356987476,0.18813695013523102,0.00419952068477869,0.004189025145024061,0.014482548460364342,0.034219566732645035,0.08173675835132599
3,6086,22,1,0.06262771040201187,0.06262771040201187,0.9373722895979881,0.17424170672893524,0.006147512700408697,0.004226266406476498,0.014870389364659786,0.10126543045043945,0.07501494139432907
3,6086,23,1,0.051133424043655396,0.051133424043655396,0.9488665759563446,0.17953194677829742,0.002123108599334955,0.005826369393616915,0.012620913796126842,0.07283858209848404,0.03385964035987854
3,6086,24,1,0.07321125268936157,0.07321125268936157,0.9267887473106384,0.20311623811721802,0.008084367960691452,0.005032525863498449,0.014788122847676277,0.1255999207496643,0.08264634013175964
3,6086,25,1,0.023213595151901245,0.023213595151901245,0.9767864048480988,0.0479816198348999,0.0008498551324009895,0.0005963987205177546,0.005908830091357231,0.04974306747317314,0.03420179337263107
3,6086,26,1,0.06125326827168465,0.06125326827168465,0.9387467317283154,0.23021633923053741,0.003952701110392809,0.003580135991796851,0.00964866392314434,0.0478140190243721,0.07230775058269501
3,6086,27,1,0.06464417278766632,0.06464417278766632,0.9353558272123337,0.1960466355085373,0.004208739846944809,0.0037234555929899216,0.01298327837139368,0.11699703335762024,0.05390588194131851
3,6086,28,1,0.03220442682504654,0.03220442682504654,0.9677955731749535,0.041192617267370224,0.001480097882449627,0.00035952270263805985,0.006780172232538462,0.09317739307880402,0.050236742943525314
3,6086,29,1,0.08946385234594345,0.08946385234594345,0.9105361476540565,0.2770303189754486,0.009770271368324757,0.0062627908773720264,0.015395634807646275,0.14086301624774933,0.08746106922626495
4,9129,0,1,0.11639720946550369,0.11639720946550369,0.8836027905344963,0.288363516330719,0.02048124559223652,0.005117728840559721,0.018370721489191055,0.2251526564359665,0.14089740812778473
4,9129,1,1,0.06924241036176682,0.06924241036176682,0.9307575896382332,0.21915149688720703,0.004300312604755163,0.001367855235002935,0.005896841175854206,0.10762762278318405,0.07711032032966614
4,9129,2,1,0.07128163427114487,0.07128163427114487,0.9287183657288551,0.21251580119132996,0.005358015652745962,0.002161626471206546,0.010449355468153954,0.11429978907108307,0.08290524780750275
4,9129,3,1,0.08032248169183731,0.08032248169183731,0.9196775183081627,0.230378195643425,0.007245408836752176,0.0031987852416932583,0.008813329041004181,0.1428704708814621,0.08942873775959015
4,9129,4,1,0.07987727969884872,0.07987727969884872,0.9201227203011513,0.23801404237747192,0.006872032769024372,0.002586015500128269,0.007418355438858271,0.1372031420469284,0.08717004954814911
4,9129,5,1,0.06437363475561142,0.06437363475561142,0.9356263652443886,0.22204631567001343,0.0029419302009046078,0.0018347882432863116,0.005793887190520763,0.09808216989040375,0.05554273724555969
4,9129,6,1,0.07051967829465866,0.07051967829465866,0.9294803217053413,0.05529041588306427,0.007168684620410204,0.00039118819404393435,0.012800096534192562,0.20463337004184723,0.14283429086208344
4,9129,7,1,0.07160061597824097,0.07160061597824097,0.928399384021759,0.10715769976377487,0.008085152134299278,0.0008981006685644388,0.020858462899923325,0.1782079041004181,0.11439640820026398
4,9129,8,1,0.13450132310390472,0.13450132310390472,0.8654986768960953,0.3024543821811676,0.029072580859065056,0.0013878027675673366,0.01928418129682541,0.27236121892929077,0.18244779109954834
4,9129,9,1,0.11145170778036118,0.11145170778036118,0.8885482922196388,0.2539175748825073,0.009863268584012985,0.0019504906376823783,0.01969303749501705,0.3015015721321106,0.08178424090147018
4,9129,10,1,0.11144313961267471,0.11144313961267471,0.8885568603873253,0.09140931069850922,0.02265513502061367,0.00036567036295309663,0.01740129664540291,0.30584660172462463,0.23098087310791016
4,9129,11,1,0.13204579055309296,0.13204579055309296,0.867954209446907,0.2802446782588959,0.024002384394407272,0.0024497234262526035,0.019040504470467567,0.32312509417533875,0.14341232180595398
4,9129,12,1,0.09836086630821228,0.09836086630821228,0.9016391336917877,0.22982056438922882,0.013902279548346996,0.004410360474139452,0.01730833388864994,0.20777079463005066,0.11695288866758347
4,9129,13,1,0.1068248376250267,0.1068248376250267,0.8931751623749733,0.23543010652065277,0.02347448281943798,0.005454174242913723,0.012708568014204502,0.18557198345661163,0.17830964922904968
4,9129,14,1,0.047856759279966354,0.047856759279966354,0.9521432407200336,0.0859723836183548,0.005266171880066395,0.0022397043649107218,0.008338608779013157,0.07080496847629547,0.11451871693134308
4,9129,15,1,0.1111922487616539,0.1111922487616539,0.8888077512383461,0.33883392810821533,0.017850017175078392,0.009150790981948376,0.0050466302782297134,0.15353362262248993,0.1427384614944458
4,9129,16,1,0.06680390983819962,0.06680390983819962,0.9331960901618004,0.17885765433311462,0.008416729979217052,0.009113972075283527,0.011515886522829533,0.06844406574964523,0.12447517365217209
4,9129,17,1,0.08379314094781876,0.08379314094781876,0.9162068590521812,0.1821550875902176,0.01279668603092432,0.008962096646428108,0.011369312182068825,0.1576712429523468,0.12980443239212036
4,9129,18,1,0.06328283995389938,0.06328283995389938,0.9367171600461006,0.15021343529224396,0.007308545522391796,0.00690425606444478,0.009114580228924751,0.07014337182044983,0.13601282238960266
4,9129,19,1,0.05245523154735565,0.05245523154735565,0.9475447684526443,0.14095652103424072,0.00305726146325469,0.0044157239608466625,0.007180572487413883,0.09997478127479553,0.05914654582738876
4,9129,20,1,0.0913717970252037,0.0913717970252037,0.9086282029747963,0.284389853477478,0.008110729046165943,0.0036684528458863497,0.004631456453353167,0.13196051120758057,0.11546973139047623
4,9129,21,1,0.08017335832118988,0.08017335832118988,0.9198266416788101,0.24890907108783722,0.007844198495149612,0.0022233319468796253,0.007199913263320923,0.10137774795293808,0.11348586529493332
4,9129,22,0,0.07462864369153976,0.07462864369153976,0.9253713563084602,0.23576109111309052,0.0060967933386564255,0.0028428153600543737,0.009329617023468018,0.09806401282548904,0.09567756205797195
4,9129,23,1,0.06874189525842667,0.06874189525842667,0.9312581047415733,0.22502070665359497,0.004366706125438213,0.001179800950922072,0.007084531243890524,0.0898938924074173,0.08490574359893799
4,9129,24,1,0.0739230066537857,0.0739230066537857,0.9260769933462143,0.2341281920671463,0.005353031679987907,0.0015636143507435918,0.013691415078938007,0.10635156184434891,0.0824502483010292
4,9129,25,0,0.10429352521896362,0.10429352521896362,0.8957064747810364,0.2382274866104126,0.015143894590437412,0.003127041971310973,0.020297838374972343,0.22473515570163727,0.12422970682382584
4,9129,26,1,0.09677144885063171,0.09677144885063171,0.9032285511493683,0.2620059847831726,0.012929026037454605,0.003894776338711381,0.01485482044517994,0.15297681093215942,0.13396728038787842
4,9129,27,1,0.12494631856679916,0.12494631856679916,0.8750536814332008,0.2943502366542816,0.024737266823649406,0.005260597914457321,0.011854506097733974,0.24157452583312988,0.17190077900886536
4,9129,28,1,0.08582783490419388,0.08582783490419388,0.9141721650958061,0.09240276366472244,0.006949239876121283,0.0012623841175809503,0.005717020947486162,0.31985872983932495,0.08877690881490707
4,9129,29,1,0.13629911839962006,0.13629911839962006,0.8637008816003799,0.32335683703422546,0.03058362565934658,0.010227563790977001,0.013024106621742249,0.28255513310432434,0.15804748237133026
5,12172,0,1,0.10505714267492294,0.10505714267492294,0.8949428573250771,0.28014612197875977,0.01805633306503296,0.007472297176718712,0.024669013917446136,0.17946165800094604,0.1205374225974083
5,12172,1,1,0.06398964673280716,0.06398964673280716,0.9360103532671928,0.2381635159254074,0.004692575894296169,0.004264541435986757,0.01938447169959545,0.034593332558870316,0.08283944427967072
5,12172,2,1,0.034592028707265854,0.034592028707265854,0.9654079712927341,0.08166627585887909,0.0014095985097810626,0.001374414307065308,0.010814224369823933,0.07531958073377609,0.036968063563108444
5,12172,3,1,0.06753028184175491,0.06753028184175491,0.9324697181582451,0.12652462720870972,0.010909821838140488,0.0042288233526051044,0.031991489231586456,0.10640329867601395,0.12512364983558655
5,12172,4,1,0.047111641615629196,0.047111641615629196,0.9528883583843708,0.12354402989149094,0.0035832468420267105,0.003789516631513834,0.021419893950223923,0.06904735416173935,0.061285797506570816
5,12172,5,1,0.047353167086839676,0.047353167086839676,0.9526468329131603,0.1159214973449707,0.004125335719436407,0.003448067931458354,0.021876411512494087,0.06841695308685303,0.07033073902130127
5,12172,6,1,0.04207877442240715,0.04207877442240715,0.9579212255775928,0.09675341099500656,0.003343351650983095,0.0024527315981686115,0.01775590516626835,0.06831207126379013,0.06385517865419388
5,12172,7,1,0.06491369009017944,0.06491369009017944,0.9350863099098206,0.2298322319984436,0.0044099921360611916,0.006595148704946041,0.015975987538695335,0.07452154904603958,0.058147210627794266
5,12172,8,1,0.03976907208561897,0.03976907208561897,0.960230927914381,0.04017408937215805,0.003843283047899604,0.00048104499001055956,0.01068711094558239,0.0749741941690445,0.10845470428466797
5,12172,9,1,0.054857030510902405,0.054857030510902405,0.9451429694890976,0.196668341755867,0.002673435490578413,0.005119715351611376,0.014275954104959965,0.0703687071800232,0.04003605991601944
5,12172,10,1,0.03924575448036194,0.03924575448036194,0.9607542455196381,0.04531199112534523,0.003916406072676182,0.0005557905533351004,0.012318491004407406,0.07998424023389816,0.09338761121034622
5,12172,11,1,0.05485443398356438,0.05485443398356438,0.9451455660164356,0.20610542595386505,0.0033413502387702465,0.003862946992740035,0.015521335415542126,0.030151396989822388,0.0701441615819931
5,12172,12,1,0.07193436473608017,0.07193436473608017,0.9280656352639198,0.23909611999988556,0.006300542037934065,0.00463864766061306,0.016373148187994957,0.0886407345533371,0.0765569657087326
5,12172,13,1,0.041235920041799545,0.041235920041799545,0.9587640799582005,0.0654907077550888,0.0033765705302357674,0.0008776208269409835,0.012845909222960472,0.09098363667726517,0.07384108006954193
5,12172,14,1,0.0444963276386261,0.0444963276386261,0.9555036723613739,0.07731349021196365,0.004650638438761234,0.0014128097100183368,0.01874537020921707,0.0800606980919838,0.08479496091604233
5,12172,15,1,0.05822177603840828,0.05822177603840828,0.9417782239615917,0.08993326127529144,0.009241308085620403,0.002036422025412321,0.02610553801059723,0.10171674937009811,0.12029735743999481
5,12172,16,1,0.07701415568590164,0.07701415568590164,0.9229858443140984,0.2338753193616867,0.008855428546667099,0.00818556360900402,0.026696760207414627,0.10259559005498886,0.081876240670681
5,12172,17,1,0.054937053471803665,0.054937053471803665,0.9450629465281963,0.18081161379814148,0.004464196506887674,0.004560391418635845,0.022163869813084602,0.03616850823163986,0.08145374804735184
5,12172,18,1,0.059542443603277206,0.059542443603277206,0.9404575563967228,0.17476829886436462,0.005394794512540102,0.00669552106410265,0.027497271075844765,0.07712779194116592,0.0657709613442421
5,12172,19,1,0.042341332882642746,0.042341332882642746,0.9576586671173573,0.04449058696627617,0.004465082660317421,0.0004901528009213507,0.012308904901146889,0.07803568243980408,0.1142575815320015
5,12172,20,1,0.08883309364318848,0.08883309364318848,0.9111669063568115,0.23760753870010376,0.018550952896475792,0.006146828178316355,0.02511291578412056,0.09988719969987869,0.1456931084394455
5,12172,21,1,0.06694745272397995,0.06694745272397995,0.93305254727602,0.20302864909172058,0.006247096695005894,0.0068841781467199326,0.022162698209285736,0.1001478061079979,0.06321428716182709
5,12172,22,1,0.049822550266981125,0.049822550266981125,0.9501774497330189,0.05916277691721916,0.00623675063252449,0.000789688783697784,0.016878746449947357,0.09939393401145935,0.11647342145442963
5,12172,23,1,0.10306552052497864,0.10306552052497864,0.8969344794750214,0.2797853350639343,0.021739186719059944,0.006628259550780058,0.034360531717538834,0.12488818913698196,0.15099163353443146
5,12172,24,1,0.05904601886868477,0.05904601886868477,0.9409539811313152,0.07828404009342194,0.008824453689157963,0.001219778205268085,0.025822004303336143,0.10155833512544632,0.13856752216815948
5,12172,25,1,0.06249583885073662,0.06249583885073662,0.9375041611492634,0.2137744277715683,0.005501092411577702,0.007848481647670269,0.024813655763864517,0.04142607003450394,0.08161129057407379
5,12172,26,1,0.06210814788937569,0.06210814788937569,0.9378918521106243,0.07111544162034988,0.011514676734805107,0.0017225933261215687,0.024803996086120605,0.11015956103801727,0.1533326357603073
5,12172,27,1,0.057687073945999146,0.057687073945999146,0.9423129260540009,0.2155969887971878,0.0036271079443395138,0.006463474594056606,0.019146138802170753,0.04218297451734543,0.05910573899745941
5,12172,28,0,0.08971219509840012,0.08971219509840012,0.9102878049015999,0.22927208244800568,0.017074191942811012,0.00854768417775631,0.03862885758280754,0.12274546921253204,0.12200485914945602
5,12172,29,1,0.10476842522621155,0.10476842522621155,0.8952315747737885,0.26302146911621094,0.025567274540662766,0.006780612748116255,0.03367337957024574,0.1365288943052292,0.1630389243364334
