model,epoch,train_loss,val_loss,val_mse_all,val_mse_observed,val_mse_missing
LNN_only,1,0.49674443923314626,0.7223918291024835,0.502517400043481,0.4266673886647437,0.6797250882880381
LNN_only,2,0.24313898304683737,0.5325911094654228,0.3517735409060199,0.2866807408584554,0.5039230357323633
LNN_only,3,0.18997440720791772,0.4700216810254391,0.30016626905423877,0.23768243220472277,0.44625343714312415
LNN_only,4,0.14388881643800364,0.4274703588914925,0.259185029461083,0.19558821179764255,0.4079115378841046
LNN_only,5,0.11847700403076536,0.41828877849551555,0.2458034965979411,0.17973852771938892,0.40031492508009264
LNN_only,6,0.10968134177705802,0.37218525997756985,0.21083539047870298,0.14818729254277332,0.35736653108520117
LNN_only,7,0.10220298344522594,0.3746951691217205,0.2089806474717134,0.14430885666529294,0.360264283444707
LNN_only,8,0.0974808957197103,0.35146103747149104,0.18764723866377353,0.1228683884546059,0.33917419900972445
LNN_only,9,0.09321677093149676,0.3416804091334997,0.18435174741802218,0.12233276217113853,0.32944713339035275
LNN_only,10,0.09016551704598467,0.36262300551948856,0.19980983477091274,0.1360259646739081,0.34902040842197996
LNN_only,11,0.08630893950778014,0.32563965932328115,0.17034427631876956,0.10859795304725117,0.3147798640536395
LNN_only,12,0.08261190345130623,0.3127336430914344,0.16236366520020348,0.10246110708973794,0.3024875326987563
LNN_only,13,0.08006247213739566,0.30581845209360137,0.15394624734667745,0.0929980324667499,0.2965186483065142
LNN_only,14,0.07732155990020985,0.2935481959333022,0.1487175365610386,0.09068894047438954,0.2844793016897046
LNN_only,15,0.07487503401667696,0.2918003158268045,0.14939466180106475,0.09247207282234499,0.28255310916563325
LNN_only,16,0.07307759179959734,0.2854372212444532,0.14199493867417773,0.0842898795140642,0.2770082334743642
LNN_only,17,0.07136537583554042,0.27698332874138876,0.1365451480508882,0.07993611507299292,0.26898971752610357
LNN_only,18,0.07023785407531684,0.27411808183128067,0.13511887923079102,0.07908664466599892,0.2662094172882733
LNN_only,19,0.06930726160579008,0.2719230448893411,0.1336850226329382,0.07793109272593055,0.2641299355967555
LNN_only,20,0.06901802599159336,0.2714988961085118,0.13323745402084486,0.0774523837938469,0.26375365786601157
LSTM_only,1,0.3622112960014417,0.8828114161411297,0.5789725141496294,0.46900055235611243,0.8359113610567449
LSTM_only,2,0.12295820832606814,0.46214726035888026,0.26630924608681866,0.19071001899074655,0.4430762584816817
LSTM_only,3,0.06502166600206832,0.3468322564945801,0.19799553926945182,0.14036993128356487,0.3327952632036053
LSTM_only,4,0.045839932582981656,0.27189725938890325,0.15529872402576023,0.11017439441962375,0.26087981945114325
LSTM_only,5,0.03729024228730568,0.24016593464470484,0.13536542058935058,0.09462356189906698,0.23070357745417103
LSTM_only,6,0.031430199533824615,0.21245447143351343,0.1228787311948255,0.08838126399907416,0.20361634443439616
LSTM_only,7,0.02680240484884618,0.19137160851779897,0.10486613400212397,0.07092891806000426,0.1842787161993215
LSTM_only,8,0.0237311770923907,0.1815958551378997,0.09766874255632463,0.06456853114531447,0.17513900301755056
LSTM_only,9,0.0216811757836409,0.16874732513917468,0.09387532384139367,0.06463835160583839,0.16228348981601787
LSTM_only,10,0.020201176840426736,0.17683635619931926,0.0993804458209239,0.06924663991059157,0.16991169289885485
LSTM_only,11,0.019006641690392415,0.15270215281436028,0.08466741894237918,0.05808153793194874,0.1468939995095878
LSTM_only,12,0.017825992191009835,0.14582921782523017,0.0804952633656565,0.05492240678667423,0.1403369776170236
LSTM_only,13,0.016758728128435495,0.14275816227577184,0.07590306406163522,0.04946037173383737,0.137812124884081
LSTM_only,14,0.015910805821081998,0.1341526656255914,0.07091161183008496,0.045862329896624775,0.12956643296536385
LSTM_only,15,0.015217039207253102,0.13104656156602718,0.06957929062583987,0.045254674292515354,0.12652109480248747
LSTM_only,16,0.014510260073354441,0.12882113939611384,0.06831753463722624,0.04437002561125018,0.12438413664516149
LSTM_only,17,0.014092885360465176,0.12376647820191541,0.06551691303760372,0.04245329272011286,0.11952114855411297
LSTM_only,18,0.013872029042429637,0.12257022643938377,0.06519155841766444,0.042500672352474844,0.11832015922966596
LSTM_only,19,0.013549027132696003,0.12111980855949658,0.06375310090480538,0.04100380938631899,0.1170194275889611
LSTM_only,20,0.013524428391143907,0.12114485169917011,0.06376078039973694,0.04100441509467113,0.11704441061498484
Hybrid_Normal,1,0.35729835498802276,0.6497038096102358,0.44201917617017183,0.36891987279682015,0.6128118212233147
Hybrid_Normal,2,0.11405727713665068,0.42558390759095027,0.2810762330325099,0.22906796619764458,0.4026771114828686
Hybrid_Normal,3,0.0627316335369087,0.3609471660639299,0.22680304390895697,0.1770048544993606,0.34324668072977377
Hybrid_Normal,4,0.04510649969611616,0.2788617414273467,0.16927865089904917,0.1278936995781566,0.2660723719264782
Hybrid_Normal,5,0.0367754556304667,0.27392200746829487,0.16626737794800722,0.1256277535648991,0.26135923187466265
Hybrid_Normal,6,0.03136224407884854,0.2475615630496373,0.15711327908391798,0.12375947342664512,0.23518561625664375
Hybrid_Normal,7,0.027055015041672126,0.20476960841399303,0.11384080361881699,0.07833382184707993,0.1969362271329675
Hybrid_Normal,8,0.023941113381446437,0.18625933737639286,0.10551168769756858,0.07417833602446681,0.17884150411403552
Hybrid_Normal,9,0.02202950051295023,0.17749780111448735,0.09934214232888865,0.06888980802160381,0.17060881989057672
Hybrid_Normal,10,0.02032502791292785,0.17025963708165612,0.09476671605616023,0.06530667663747936,0.1637289690683899
Hybrid_Normal,11,0.01918778924740259,0.15236518841820496,0.08313597190580975,0.05595550743228035,0.1467696377809194
Hybrid_Normal,12,0.017927907058821232,0.14877723494079872,0.08329908204919406,0.05779652154689462,0.14299758271333265
Hybrid_Normal,13,0.016896084482255554,0.14356872066741966,0.07982838771112634,0.054950421604897,0.13807367826480652
Hybrid_Normal,14,0.01591985717596726,0.1407727406954313,0.07697487014983953,0.05194842502098988,0.13557789860802502
Hybrid_Normal,15,0.015159655574098324,0.13537992666962015,0.07420374579082259,0.05021369274622592,0.13035855709201136
Hybrid_Normal,16,0.014469939480924678,0.13126893807497586,0.07247884162918612,0.04947874655599432,0.1263210641315069
Hybrid_Normal,17,0.0139319222604713,0.127939223864871,0.06967200385020832,0.04678518062804192,0.12326070623287158
Hybrid_Normal,18,0.013704847495964474,0.12609441289324205,0.06928078673092819,0.047022097727283156,0.12139220266638334
Hybrid_Normal,19,0.013340040854399396,0.12448115574697952,0.06796351785390986,0.04577855538089168,0.11990329978300429
Hybrid_Normal,20,0.01334385404343637,0.12426079894038422,0.06783007995195307,0.04567749687538802,0.11969304960014546
